Step,Actor Loss,Critic Loss
0,0.09404330717894699,0.0253161587734688
1,0.09286067149165159,0.025317972775425544
2,0.09250145016006285,0.025649889587810365
3,0.09124114284126321,0.02618415396667441
4,0.09001320992844383,0.026670345630540413
5,0.08937317210770768,0.026947565514216683
6,0.08839738636530059,0.027073094805560048
7,0.08774495433904399,0.027154236881356274
8,0.08740471969446216,0.027220780679262983
9,0.08756964948608086,0.027513919983456387
10,0.08800678529399265,0.02799570909364771
11,0.0879619709353499,0.028436442889847268
12,0.0872091592396485,0.02848667511386289
13,0.08693888375448594,0.028382979239498476
14,0.085548270801295,0.02804962436745137
15,0.08373791203885975,0.02744811479207997
16,0.0819969666584148,0.02689430430855914
17,0.08028255278937001,0.026609701575499585
18,0.07875937723227722,0.0264554488679088
19,0.07867686125836872,0.02635861137806883
20,0.07957425088599937,0.026373105698500994
21,0.08172015534487714,0.026534155175429886
22,0.08374430520431012,0.02640416771305514
23,0.08545917672907236,0.026237014365830983
24,0.08626651503102191,0.026077603604093915
25,0.08641810539860963,0.026047424266024036
26,0.08618994581349214,0.026182178658282148
27,0.08602825852413674,0.026584819897606502
28,0.08553314182312238,0.02693138152087635
29,0.08565744253007838,0.02747309536864948
30,0.084945914981096,0.027711228830063155
31,0.08405936621311941,0.027568518691144815
32,0.08341629706950461,0.02736113464120331
33,0.08296754197673119,0.027109613601970204
34,0.08209406944786038,0.026597947663469425
35,0.08199277040809458,0.026405124931405902
36,0.0819076043767482,0.026193087636715025
37,0.08164458934144882,0.025906324285363425
38,0.08177822627417151,0.0256349020148099
39,0.0822607859713866,0.025514566191524497
40,0.0833958344681874,0.022486215809065412
41,0.08483553767286382,0.019200830451478343
42,0.08687660410735094,0.014973861497217203
43,0.08859770777573885,0.010445165394972866
44,0.09035796730344149,0.005779070103221972
45,0.09122217898468399,0.0038892619697981157
46,0.09127588500977238,0.002418472025907022
47,0.09019628815316126,0.001959683436689838
48,0.08864342295415872,0.0018972578227396562
49,0.08724676695729512,0.001855422943978008
50,0.08561085229263046,0.001781484632422752
51,0.08315082114973925,0.0016831237561378118
52,0.0810855386386829,0.0015641671080831843
53,0.07961846793923022,0.001461139689887058
54,0.07866332780026132,0.0014384240580073255
55,0.07895574218493469,0.0015099485008302628
56,0.08058853938603258,0.001461236718407287
57,0.08236198688676032,0.0013952840787857144
58,0.08343183678690651,0.0013246802916018453
59,0.08381532391630278,0.0011983269741563563
60,0.08363834891817644,-0.0031994469216262084
61,0.08336968572684374,-0.009233986518618488
62,0.08292116890298991,-0.01403423181800631
63,0.08294118939500315,-0.01842573341360796
64,0.08204179469308133,-0.022951176415400867
65,0.08066859551521453,-0.023415247960090407
66,0.07951373751568343,-0.021908393102514148
67,0.07870051330084644,-0.02159585954817979
68,0.0784163237358848,-0.02609369016620936
69,0.07942791101724175,-0.03200297826768209
70,0.08064291085642888,-0.043217726645634724
71,0.08168315089402627,-0.05748474936777502
72,0.08182299539390249,-0.07199785912878595
73,0.08137876848622956,-0.08170158077382571
74,0.0799950356192545,-0.08395019901763244
75,0.07803516864472812,-0.07871771984852115
76,0.07608997047655529,-0.07679461545080446
77,0.07494019675135966,-0.07064548665594654
78,0.07368608633269891,-0.061847581751147115
79,0.07315828202273521,-0.05858199169312669
80,0.07259380368485786,-0.057135630090036665
81,0.07137292764680951,-0.04540645239292556
82,0.07089582827146532,-0.0352288196803956
83,0.07096213444938856,-0.028074483572430954
84,0.07123468379244162,-0.020915998931154107
85,0.07193652416351738,-0.014387464332330471
86,0.07224711037613572,-0.011839307328237491
87,0.07122822091134805,-0.010962713628721654
88,0.07016055563982952,-0.01022560742449208
89,0.06831370151293835,-0.009748855601235711
90,0.06672785431923267,-0.009192343061255673
91,0.0661069012394389,-0.007664440307487851
92,0.06553304348824567,-0.006920882847083956
93,0.06489514292782977,-0.01610898460131888
94,0.0653698011752835,-0.03057027858511055
95,0.06629151980604321,-0.045330372884703894
96,0.06746231011662517,-0.06114608804749731
97,0.06906769910603149,-0.07782149853651116
98,0.07016326667621585,-0.08584904101793635
99,0.07077001296212937,-0.08821991254751409
100,0.07061294893624859,-0.09033839220056872
101,0.06989525521917356,-0.09426340399978397
102,0.0686574449457405,-0.09819332589668818
103,0.06709980164011255,-0.10088274321005089
104,0.06502522416906123,-0.10355971885027368
105,0.06321628234962332,-0.10904301303614002
106,0.062117824331215765,-0.11463460531950824
107,0.062394961560743895,-0.11946176297191738
108,0.063601221100212,-0.1242736233860239
109,0.06463756234948381,-0.12778047133799778
110,0.06560251771689626,-0.12778218671519637
111,0.06623055689679501,-0.12548380927893635
112,0.06600572921624967,-0.12299441469274489
113,0.06508842963302316,-0.12185015904550991
114,0.06374193766681661,-0.12309963035542001
115,0.06177358241282587,-0.12549603802211864
116,0.05897981174326286,-0.12791839985345016
117,0.055815776041850666,-0.13007794097981662
118,0.05345664510802768,-0.1308376948799322
119,0.05199703284185176,-0.1301079386368468
120,0.051794521316573604,-0.12882704154196717
121,0.0535603289500312,-0.12778965101387638
122,0.05619316556451979,-0.126866660168817
123,0.05811836251897344,-0.12570873655727027
124,0.05924933456074822,-0.12398775155327348
125,0.059416049466577844,-0.12154297432929406
126,0.05802361515649694,-0.11835553695641116
127,0.056330136940515904,-0.11511595890410609
128,0.055799593122302635,-0.11372910827272792
129,0.0564881205563725,-0.11509270250145082
130,0.05788708141984518,-0.11873647808714537
131,0.05941718842861277,-0.12402470968746931
132,0.06063482483637724,-0.12947848398747352
133,0.06062127195050301,-0.13283348093207945
134,0.05908281645923506,-0.13368663066244138
135,0.05716663455425681,-0.13290408166640322
136,0.05581671064652977,-0.13119144660820808
137,0.05470097015162958,-0.1294305063356307
138,0.05413355584551404,-0.12867476239345652
139,0.05448277249987983,-0.12816425968634418
140,0.0542821812088855,-0.12709820333902738
141,0.05357774646718455,-0.1264324841394313
142,0.05260525716113699,-0.12580429755774028
143,0.05108598494396734,-0.12466955981026484
144,0.049507281400540434,-0.12420125332288863
145,0.048401907639987564,-0.12403094889539204
146,0.04731881535220551,-0.12323282422135277
147,0.04693688831745649,-0.12299005560257556
148,0.04787458786732835,-0.12393272887074071
149,0.048965484435679794,-0.1247601020001803
150,0.04966023813431578,-0.1261084719023618
151,0.050053022935160826,-0.12770602009567167
152,0.049321089980100805,-0.1288281005798753
153,0.0478305964897081,-0.12954601082530884
154,0.047112147051911614,-0.13009847620274173
155,0.04746664870564353,-0.12958959226877015
156,0.04849142347857667,-0.1280370753136506
157,0.05023652954309885,-0.12617167801594958
158,0.05083268020320039,-0.12408819660334759
159,0.04992704832623841,-0.122133632263453
160,0.048481904781132734,-0.12129895087353372
161,0.0469809955568896,-0.1211007046156177
162,0.04551265783275003,-0.12060020824992636
163,0.04535071904337181,-0.1206007355963549
164,0.04614244316228324,-0.12164019442447065
165,0.04689572385562259,-0.1238889264082093
166,0.04667943594667862,-0.12747977258552706
167,0.0461083088026963,-0.13146800353162233
168,0.045406698885045144,-0.13447773963815804
169,0.044040325310894274,-0.1351014539430364
170,0.04229493873313737,-0.13344808409014072
171,0.04150989512986859,-0.1307976319063869
172,0.04147525516355618,-0.12786142156102184
173,0.041930259930379875,-0.12592957287554699
174,0.04413571746624648,-0.12649127455635714
175,0.04644398787708588,-0.12812126637294627
176,0.047917063143882575,-0.12981285087991729
177,0.04787184719312247,-0.13076172516504578
178,0.046733067534779155,-0.1297216231374953
179,0.04335191341801535,-0.12611925702761528
180,0.04008166864455155,-0.12183721654012895
181,0.03917356164395823,-0.11858519594350067
182,0.039980232864467696,-0.11630770062913036
183,0.041311424303053984,-0.11545903981481181
184,0.04344126113364697,-0.11582099162981482
185,0.045809767552254986,-0.11701641481658112
186,0.04611494850106001,-0.11853563167784453
187,0.04544391672887768,-0.12078070250459398
188,0.044496540302404367,-0.12328876257941099
189,0.04327489503714693,-0.12547818653353554
190,0.04152836642407716,-0.12712485820452032
191,0.04017656844316134,-0.12709910895309062
192,0.039774934848043175,-0.12663943105638203
193,0.03950312341645486,-0.12709844858891375
194,0.039417686025015074,-0.12856922420802785
195,0.0394371430108081,-0.12968456054664199
196,0.039023512703990314,-0.13080528934970947
197,0.03759367252107916,-0.1310594096979781
198,0.03580889407067981,-0.1289744556501683
199,0.03378678397898159,-0.12613592862371217
200,0.03189692768465922,-0.12356127741999665
201,0.029748573825103018,-0.12093847137325728
202,0.028307225474675384,-0.11938330044703316
203,0.02757447776048877,-0.11931006337042535
204,0.027209205343902636,-0.1208084829745441
205,0.027715262855530755,-0.12412171387492933
206,0.028382077671155755,-0.12736943835367207
207,0.029397870487111375,-0.13036495456868238
208,0.030366691563723652,-0.13291849764732203
209,0.031430635972964104,-0.1329506655559223
210,0.03205558421712638,-0.1320146417270771
211,0.033380252117752286,-0.1318974533524867
212,0.03444691137124401,-0.13049762098992104
213,0.03551432661200904,-0.128776803355437
214,0.03548669686734056,-0.12815425459013835
215,0.03408413496928037,-0.12605141964723673
216,0.03134428424342231,-0.12382761731578208
217,0.027352367053460357,-0.12308155258505334
218,0.02315902244596662,-0.12249370258576006
219,0.019562747917750214,-0.12203016040104771
220,0.017349524243995763,-0.12257019253048618
221,0.016077833465025625,-0.12345308659379887
222,0.016580117571504103,-0.12346544032014356
223,0.01712027960649911,-0.12432970894376506
224,0.01899557051252123,-0.12604299357808071
225,0.021220013140902733,-0.12810617765104226
226,0.023612122986944886,-0.12926175585526994
227,0.02521783984435464,-0.13137536336306802
228,0.026214254600765874,-0.13235642997635788
229,0.024942841430023257,-0.1319640337005342
230,0.022940332016038373,-0.1314852809261322
231,0.021480927516324976,-0.1314453520850428
232,0.019614137046128036,-0.13023377838592373
233,0.017968690609789555,-0.1286292167628514
234,0.018284793849441244,-0.1279219822037555
235,0.019287957238277597,-0.12696292441619636
236,0.020441293382850376,-0.1265814421544361
237,0.021905194917232675,-0.12612219532950156
238,0.023402124637948996,-0.1264463103131808
239,0.02348497798118806,-0.12564843754328517
240,0.02168071673130837,-0.12363064616390561
241,0.020321939680667814,-0.12147766456254697
242,0.019251860428274155,-0.12072367679130715
243,0.018404292805608492,-0.1205084458944149
244,0.019309610473483042,-0.12145600591973911
245,0.021818892687185985,-0.12322576316821095
246,0.02221752764016611,-0.12399950912420979
247,0.02295507722180276,-0.12387641016661771
248,0.023010916801766874,-0.12288240257899452
249,0.0212820719797567,-0.12155745833265692
250,0.018566724882978593,-0.12052789063331279
251,0.01681618120911075,-0.11902836226396168
252,0.0135861511137019,-0.11700270919681012
253,0.011236122489839899,-0.11661469461138452
254,0.008969861026685047,-0.117375661570348
255,0.008918373093175627,-0.11851503455701409
256,0.00915386531478998,-0.1213497200791117
257,0.01013304619125172,-0.12553844258759878
258,0.012168717417111303,-0.1277285275381937
259,0.015054647698456835,-0.13006439279047344
260,0.017018042592138554,-0.13297126979230772
261,0.018643303246239064,-0.13382672178794777
262,0.019616846412218426,-0.13330524815183878
263,0.018859733791764675,-0.1332717763613699
264,0.017027707589516914,-0.13071507399985227
265,0.013654452973224472,-0.12777314916167842
266,0.010827894142503304,-0.1266826321047564
267,0.009048486769126148,-0.12602475953105072
268,0.007747923305979756,-0.12499239384780031
269,0.007468832246489434,-0.12427576401763284
270,0.008269679313593495,-0.12255371800838159
271,0.00839517087595931,-0.12119024651755952
272,0.007060355352818279,-0.12095284904262064
273,0.0063450562335116804,-0.12259728542525854
274,0.005104346887300185,-0.12520849571478707
275,0.0035905099405208626,-0.12779423024455697
276,0.0027143161877118344,-0.12835521512995285
277,0.0020150745054702537,-0.12719829238898894
278,0.0019261113214089258,-0.12386248158723913
279,0.003584075317551859,-0.12074111211322164
280,0.005203194693190119,-0.11848289867611995
281,0.006421346102800662,-0.11811075514188521
282,0.008119849705769046,-0.11916724142471127
283,0.007782155635395041,-0.12165658998635843
284,0.006819438568231448,-0.12466332863257064
285,0.006916259677315101,-0.12740525952717305
286,0.007363802176193694,-0.1291199273550397
287,0.007798168416309131,-0.1293940101261534
288,0.008121448668650671,-0.12745493919802917
289,0.00707672173698937,-0.12433611178563761
290,0.004625911846210267,-0.12158816050025
291,0.0007401579674914975,-0.11932770525900431
292,-0.0029732399392069014,-0.11862963556368974
293,-0.005328246093297029,-0.1191700462364241
294,-0.0070735042547335645,-0.11837286056791942
295,-0.007742682384219306,-0.1175802832082004
296,-0.006903546188761241,-0.11678210442941
297,-0.005900102043315061,-0.11580845926934116
298,-0.004992304876693628,-0.11665324697494019
299,-0.0035032789349742927,-0.11973926405774576
300,-0.002251649311280044,-0.12182280512256188
301,-0.0015802307346675952,-0.12338489795307901
302,-0.0014135089991203567,-0.12411344817001446
303,-0.002144148562813402,-0.12351237811188852
304,-0.0043543872888411874,-0.12211849047757736
305,-0.006347204901601473,-0.12183596409853126
306,-0.007818090238029263,-0.1223388248549145
307,-0.007987952250719731,-0.12227694316411822
308,-0.00644868915181613,-0.12163262115528949
309,-0.004361392289183374,-0.12120953094684779
310,-0.002925505431940422,-0.1198895539196019
311,-0.002016401909907511,-0.11846362208448366
312,-0.0024390264221265004,-0.11844941410722302
313,-0.004231909408070708,-0.11898819460397866
314,-0.005550989577101101,-0.11903834389299221
315,-0.006502691921886267,-0.11861669394422893
316,-0.008372122006950065,-0.11739162367786342
317,-0.010645326304797557,-0.11589575819171183
318,-0.012679431567094775,-0.11479275602020443
319,-0.014647418853427055,-0.11448650344710753
320,-0.015892596399105376,-0.11487281782613142
321,-0.015437661874768215,-0.11510040696189373
322,-0.013075979988086166,-0.11558057061639049
323,-0.010512818945439617,-0.11668836321433472
324,-0.008446841374656771,-0.11826263902047476
325,-0.0075638759390982465,-0.12142688592439642
326,-0.007728531602503623,-0.12562784580050387
327,-0.008919974509542314,-0.12908173091467162
328,-0.010332881904746275,-0.13122703390837034
329,-0.011190576759490308,-0.13235635801921983
330,-0.010786932105080064,-0.1325221189970023
331,-0.009665603849849843,-0.1322439334618104
332,-0.008850224854873526,-0.1320114884442195
333,-0.008229528085215257,-0.1325611897937925
334,-0.00797897567984691,-0.13261755035034695
335,-0.008908058477173,-0.1316009725660542
336,-0.011147888064115635,-0.1305557052239839
337,-0.01318391390093946,-0.1297493986434673
338,-0.01597028400561013,-0.1290949452504237
339,-0.01944400432507378,-0.12959350946194423
340,-0.022533348519455838,-0.13058851578147454
341,-0.024431581951898224,-0.13095010002522944
342,-0.02537376729499839,-0.12988869445016152
343,-0.024328097852732343,-0.12719906348136906
344,-0.02206597953458453,-0.1239386327590098
345,-0.019485923575072072,-0.12092350032992624
346,-0.016934343408520906,-0.11911803211481424
347,-0.015352660284350816,-0.11981293060882343
348,-0.014690859064746117,-0.1225740963726149
349,-0.014522667549404858,-0.12563681845926855
350,-0.014758441829369275,-0.12794065862337717
351,-0.01543976649812776,-0.12881904533886387
352,-0.01625523900428064,-0.12791422106942257
353,-0.017127652794980568,-0.12606607615630994
354,-0.01737582282878166,-0.1250364542337727
355,-0.01737500006285158,-0.12574824192730993
356,-0.017160751446505362,-0.12730642057168398
357,-0.016462334637841754,-0.12871314605688347
358,-0.01639522154565766,-0.12934292920546475
359,-0.017511366742355088,-0.12792285055740663
360,-0.01906866985957563,-0.12488663675531975
361,-0.0207445172030836,-0.12193114382801429
362,-0.022480553967916792,-0.11973143467706665
363,-0.023281451638370546,-0.11901043523304827
364,-0.023097719542021406,-0.12018620261648887
365,-0.02254614149656228,-0.12229214758634774
366,-0.021577752705079407,-0.12494880908935442
367,-0.020109901576150415,-0.12841538994148372
368,-0.018634188230864046,-0.13183809236866464
369,-0.017311256731625074,-0.13446093116004887
370,-0.016578118148189082,-0.13584236040636632
371,-0.01710964111704808,-0.13559710855558604
372,-0.019454467672671658,-0.1339868980389154
373,-0.02320366021071114,-0.13156923872083998
374,-0.026901090510833045,-0.12959449479557356
375,-0.029841221557710483,-0.1291080368908201
376,-0.03177684464430115,-0.12940902311878164
377,-0.032297686291662804,-0.12981673194855714
378,-0.031627552553271245,-0.13024483887811758
379,-0.031037916501334473,-0.13010139518400035
380,-0.03084764294733725,-0.1292154732468924
381,-0.03066041814570569,-0.12842343166222026
382,-0.03055271197669245,-0.12786727529801292
383,-0.030482892445440567,-0.12676802947182278
384,-0.030263105126455088,-0.12556948764658274
385,-0.029683796721076513,-0.12503832434484546
386,-0.028942967166576825,-0.12541946923546662
387,-0.02835951845040064,-0.12690337681264932
388,-0.027703138776024195,-0.12854626339450326
389,-0.027127471247223766,-0.12903951903828545
390,-0.02731244690204363,-0.12842503860953727
391,-0.02811512387636586,-0.1266899670471504
392,-0.029481996852229915,-0.12413876538880009
393,-0.03143217857625506,-0.12228593094800269
394,-0.03358987447676753,-0.12128418914239696
395,-0.03533678419931847,-0.12037170103227496
396,-0.0368896712464619,-0.1192342087630873
397,-0.0381905373255243,-0.11851463147275944
398,-0.03920783007943544,-0.11891819391097186
399,-0.040182152631706415,-0.12114020112879278
400,-0.04107289692487365,-0.12551438828640973
401,-0.04216635841217575,-0.13103818074457194
402,-0.042525843931682086,-0.13553988028511743
403,-0.042491832690557015,-0.1380866223052416
404,-0.0420397986597818,-0.13826635539225507
405,-0.04066311246918423,-0.13630592025961988
406,-0.03861327860483893,-0.1334585830016737
407,-0.03700733053330788,-0.13113302144298453
408,-0.03607980576608783,-0.12955625229163276
409,-0.03574936748156718,-0.12847376472360963
410,-0.03630070058771027,-0.12703388469364846
411,-0.03687688457294577,-0.12484817890429162
412,-0.037690375487607834,-0.12209662417553233
413,-0.03801003909719097,-0.12006749891768678
414,-0.03905673428036648,-0.11912135933603761
415,-0.041141412167291065,-0.11887648523607021
416,-0.04397207817838808,-0.11932104598902403
417,-0.04659343833156248,-0.12009394743765553
418,-0.048635612273575476,-0.1197173293381877
419,-0.04911892427530222,-0.11902692381814622
420,-0.04900173267941038,-0.11883982761974327
421,-0.048310561109492604,-0.11858552279880098
422,-0.047521094710162776,-0.11831143841896985
423,-0.047406853034651794,-0.11808174034421509
424,-0.04714822442880971,-0.11752506595874343
425,-0.04592374685845082,-0.11753225578351159
426,-0.04406718973321479,-0.11778512057185986
427,-0.04225332421026099,-0.11843711467163658
428,-0.04073290346994459,-0.11937135597261055
429,-0.04028643693358837,-0.11995653945442739
430,-0.04177351142017968,-0.12012947057914437
431,-0.043656554803581264,-0.12118816081674555
432,-0.04488150009537014,-0.12245771717823288
433,-0.045747681825745214,-0.12424422755828031
434,-0.045602670543301894,-0.12603281130883914
435,-0.04420658332320191,-0.12580000531966262
436,-0.04278266763437279,-0.12461270909491443
437,-0.042296570975246375,-0.12249252548769432
438,-0.04192987121089624,-0.1201716999482107
439,-0.04308446842722931,-0.11955937939414382
440,-0.04503733572249439,-0.12074731231097195
441,-0.04749267581979031,-0.12173679251204744
442,-0.04968646087232828,-0.1227442118448023
443,-0.05234350410838016,-0.12268247609030254
444,-0.053487373598364606,-0.12190809658308935
445,-0.05430993719543814,-0.1215668910754132
446,-0.05476116245703136,-0.12260118684252114
447,-0.05463561561806101,-0.12469180499734778
448,-0.053856683398730225,-0.1265757382306952
449,-0.05375415074541867,-0.12795434914941775
450,-0.05341756046589831,-0.12858992972048905
451,-0.05359945890483243,-0.12849755087715994
452,-0.05396528965544541,-0.12807721019037738
453,-0.05417557742673203,-0.12912307514655658
454,-0.05435250089943267,-0.1300673252299548
455,-0.05493401493562593,-0.13024855638635005
456,-0.05623044591015122,-0.13101839703889565
457,-0.0582257114800555,-0.13102975860358118
458,-0.06110594686115159,-0.13000447224837727
459,-0.06533825170444199,-0.12949108375611523
460,-0.06875498622985356,-0.12881359060403497
461,-0.07094915014021198,-0.12776820697465077
462,-0.07294579549365698,-0.12755646501851217
463,-0.07330822860964092,-0.1262012914699326
464,-0.07154891285520248,-0.1232513608789081
465,-0.06919229037728272,-0.12073018433709422
466,-0.06606312998099956,-0.11759369592714794
467,-0.06205838047624866,-0.11564325270353262
468,-0.05853220677834457,-0.11592538452550749
469,-0.05645546359477322,-0.11806687350187905
470,-0.055936710478079965,-0.1205512942775516
471,-0.056539851536478565,-0.12264220678008043
472,-0.05858284290451477,-0.12392489885650529
473,-0.061527869325927194,-0.12573969660707868
474,-0.06354439469373589,-0.12703759563754755
475,-0.06419935051717943,-0.12978636180836972
476,-0.06487409823937508,-0.13328409529882865
477,-0.06462259549024256,-0.1358219007949159
478,-0.06277477380207633,-0.13635848663780623
479,-0.06106932779604518,-0.13544257688586067
480,-0.06067659880131017,-0.13151577867636377
481,-0.059670358410197875,-0.12711715438270446
482,-0.060611897131495306,-0.12355637392480738
483,-0.06362321527114316,-0.12121913588613994
484,-0.06732268566445983,-0.1203364653105939
485,-0.0702549738281667,-0.12171573986609341
486,-0.07300991836483103,-0.12228084525749497
487,-0.07410201353913336,-0.12345425030441318
488,-0.07330743088077654,-0.12373636769954119
489,-0.07155587959713255,-0.1230928302873829
490,-0.06997471396404294,-0.12239122595257722
491,-0.06828232964956049,-0.12222615437953296
492,-0.06644138669059171,-0.12081390938420067
493,-0.06491710693466242,-0.12017435844503518
494,-0.06367031333078717,-0.12019374484664273
495,-0.06292102639865424,-0.11906505776349251
496,-0.06366748351578683,-0.11905047694062487
497,-0.06500845573836986,-0.11930424602091863
498,-0.06600312536382202,-0.11892959522445858
499,-0.06759571005946703,-0.11981476958620874
500,-0.06755334906537287,-0.12129064756926555
501,-0.06729398848016091,-0.12144552316174309
502,-0.06666664002476809,-0.12193629243916092
503,-0.0673280959349832,-0.12207595980232226
504,-0.06765086452507578,-0.12095361066334682
505,-0.06826771367522985,-0.12140049872950136
506,-0.06785096717895131,-0.12330744083377627
507,-0.06823274590065094,-0.12502037084355208
508,-0.0692616317879525,-0.12781499809789035
509,-0.07048391747763644,-0.12940853020147355
510,-0.07274303387095746,-0.1282024945920061
511,-0.07476368194558125,-0.1255801912776531
512,-0.07473432701976421,-0.12264730788555489
513,-0.07288324203763809,-0.11929214260477926
514,-0.07064332594122084,-0.11766686660310004
515,-0.06833538567934509,-0.11836294110158314
516,-0.06629079040615571,-0.11917935498630831
517,-0.06550031571718626,-0.11911960245233547
518,-0.06535715787389522,-0.11887278333227362
519,-0.06617551769159585,-0.11759957547704356
520,-0.06837348788518693,-0.11546333447942704
521,-0.07203220279202455,-0.11395910687299549
522,-0.07611329097075813,-0.11361757060836779
523,-0.07999185317605502,-0.1150078894197796
524,-0.08289533251258673,-0.11792576399532188
525,-0.08465522814990473,-0.12091485753910233
526,-0.08477552619808151,-0.12375433381658751
527,-0.08392134946999374,-0.12620265852523643
528,-0.08243428369699272,-0.12619818552905612
529,-0.08071963054573189,-0.12497008389908759
530,-0.07819356634777368,-0.1233179118383713
531,-0.07741879318012315,-0.12123296255210492
532,-0.07808353052978177,-0.1188611106208927
533,-0.08089485392658696,-0.11749191803777055
534,-0.08454893801195178,-0.1175139735960108
535,-0.08746134889631486,-0.11922202661665918
536,-0.0895075586547494,-0.12136631392288491
537,-0.09001926371981979,-0.12310759306123682
538,-0.08956726249234453,-0.12344641343779181
539,-0.08982549292635664,-0.12128529667583951
540,-0.08975104801256155,-0.11739065586101044
541,-0.08988218837712102,-0.11328715340789718
542,-0.08974179319314332,-0.11064361343642264
543,-0.08872488360043373,-0.1105047541865787
544,-0.08727329556590725,-0.11266430370087438
545,-0.08584467145336785,-0.11558539435235952
546,-0.08409617702701477,-0.11914205614715133
547,-0.0829965957208481,-0.12224375772278684
548,-0.08231247967894852,-0.12375384007212711
549,-0.08157109885509052,-0.1240580967297799
550,-0.08193538351059035,-0.12479642034922318
551,-0.08242250071968162,-0.12507339311625223
552,-0.08306619364586935,-0.1252665325122637
553,-0.08385996283714414,-0.12574789999821329
554,-0.08414987092203544,-0.1258772913514378
555,-0.08465283314356123,-0.12415991764278965
556,-0.0852707637091966,-0.12226866579341125
557,-0.08665479685745774,-0.12024621633301658
558,-0.08880480960784769,-0.11853974435250202
559,-0.09246659191672874,-0.11865976350435321
560,-0.0952223986066921,-0.12067778136461081
561,-0.09707969262536044,-0.12301032005745785
562,-0.09800585696474012,-0.12540556202283612
563,-0.09783778198622044,-0.12743458374267733
564,-0.09672158994166236,-0.12800262026003395
565,-0.09620405925804569,-0.12860446567919684
566,-0.09630516537618322,-0.12983334208006744
567,-0.09620203679423818,-0.13128670610858426
568,-0.09607109207373833,-0.13262391918392913
569,-0.09554406092905275,-0.13294741818852646
570,-0.09433074754998112,-0.1314917736943603
571,-0.09379909533242667,-0.12916611071089096
572,-0.09401141026359218,-0.12618949674231808
573,-0.09564594800453871,-0.12359635225191859
574,-0.09789907781870111,-0.12218581660186059
575,-0.10037240206724572,-0.12073539152202178
576,-0.10192721772925348,-0.11964567340627108
577,-0.10280724495078901,-0.1186624506784112
578,-0.10144231131405095,-0.11777252632860762
579,-0.0990688894035607,-0.11800986491140365
580,-0.09763286588875451,-0.11926839680794575
581,-0.09676747335773475,-0.12008088451287034
582,-0.09680444498793842,-0.1215253966748289
583,-0.0982085239174581,-0.12264188621179738
584,-0.09925738162335962,-0.12300749482409613
585,-0.09913428022293108,-0.12451457933312371
586,-0.09875809121411466,-0.12723759041087104
587,-0.09795271841570782,-0.13044800582695554
588,-0.09801272290473079,-0.13451886590781928
589,-0.09958456584109855,-0.1377858342314914
590,-0.10130565900068991,-0.139175168138627
591,-0.10309535235319574,-0.13890322767176336
592,-0.10475889439385172,-0.13670356082461632
593,-0.1048697721890028,-0.1331885415457226
594,-0.10368626559351524,-0.13005055935946105
595,-0.10186914874821128,-0.12763673815731472
596,-0.09965646309063798,-0.1270585535150814
597,-0.09723329878313278,-0.12877322374140282
598,-0.0953625766080121,-0.13182167019938046
599,-0.09518146900127171,-0.1352922937542319
600,-0.0971887789723785,-0.13858731086109144
601,-0.10018282811664035,-0.14029869933265202
602,-0.10316876108592186,-0.14063574616149635
603,-0.10538181484599085,-0.14005344663747488
604,-0.10526795532121332,-0.13829611168507983
605,-0.10324600345425007,-0.13603273214067643
606,-0.10078472651624541,-0.13374311636511219
607,-0.09934119216722931,-0.13096175616231523
608,-0.09860597592215146,-0.12860066102559908
609,-0.09902705528728475,-0.12697342901128855
610,-0.10013916419455902,-0.12518646020084664
611,-0.10027817156327191,-0.12423266473520356
612,-0.09971351946413505,-0.12403004006460465
613,-0.10010085287200515,-0.12330217547253322
614,-0.10133753360568218,-0.12344302786343167
615,-0.10272340983794584,-0.1247466534887036
616,-0.10464655654873667,-0.12558064612373437
617,-0.10582143725366025,-0.12666563339959322
618,-0.10512876155943668,-0.12833664915350101
619,-0.10321865945167866,-0.128898423725035
620,-0.10170226899395636,-0.12831789979444116
621,-0.10120250899066476,-0.12799159578906674
622,-0.10215559489359158,-0.12792577920560783
623,-0.10460967001927968,-0.12735848569958902
624,-0.10727942232898276,-0.12672778536880594
625,-0.10958627213683086,-0.12631798159251706
626,-0.11032842632847456,-0.12548571929870395
627,-0.10944522768316708,-0.12450467006406497
628,-0.10850158731759917,-0.12455910464262693
629,-0.10801178329165788,-0.1257575330759165
630,-0.10837548532839128,-0.12756305142288768
631,-0.10985579540121482,-0.12986972298465277
632,-0.11231221566377622,-0.1322924173677379
633,-0.1144436994465609,-0.13428203980722808
634,-0.11532261363828991,-0.13565153876434732
635,-0.11553882116189972,-0.13652532832650924
636,-0.11610268713172947,-0.13631534368438905
637,-0.11728712559797985,-0.13446588723156083
638,-0.11912520989638452,-0.13131834706881043
639,-0.1227028163724443,-0.12736461346829078
640,-0.12617280716331541,-0.12401878575730023
641,-0.1278073854386348,-0.12234652220839214
642,-0.12744573435467435,-0.12189976484147294
643,-0.12515676855316646,-0.1226073266330199
644,-0.12174816956815658,-0.12413010488339801
645,-0.11884311710421307,-0.12552992240079122
646,-0.11811420528353778,-0.12662687404327924
647,-0.11898989883442174,-0.12780229363669993
648,-0.12188366517018129,-0.1286364479038632
649,-0.1265482341459824,-0.12859164945911483
650,-0.12931189408938576,-0.1272805842105607
651,-0.1308005759039502,-0.12545780500138504
652,-0.13250462688875508,-0.12432622909507558
653,-0.13311877806785466,-0.1243307812695527
654,-0.133551189181825,-0.12626501732176257
655,-0.1324410433132029,-0.13021961218979863
656,-0.1328215688525646,-0.1342964548950003
657,-0.13438990373693488,-0.1371107771153528
658,-0.1358825321789256,-0.13843892548900902
659,-0.13574013288383768,-0.1379141768211711
660,-0.13667850718079466,-0.13609384448776948
661,-0.13692081831226074,-0.13333944885273416
662,-0.13565146281730292,-0.13044043601703523
663,-0.13646860286157475,-0.12864583669983432
664,-0.1376491222539827,-0.12672298446255453
665,-0.14070927669943895,-0.12429474409744501
666,-0.14170843115221377,-0.12237541075002939
667,-0.14070374064100055,-0.12105343572303795
668,-0.1371535656273392,-0.1195171707371424
669,-0.13455155982021347,-0.11928002368975835
670,-0.13174611124258478,-0.11993516174359854
671,-0.12886141738194726,-0.1208952613371874
672,-0.12807020699648497,-0.1213491800675011
673,-0.12802612075209985,-0.12158613076173332
674,-0.12892597481646034,-0.12237335404083827
675,-0.131271792222179,-0.12370025532262856
676,-0.13505558783035082,-0.12516232242957367
677,-0.13643055710159777,-0.12725057370783613
678,-0.14026457407621354,-0.12967297526343233
679,-0.14076694132805528,-0.13088246018959152
680,-0.13873612303825889,-0.13148044929563993
681,-0.13672347464700318,-0.1318854078764195
682,-0.13719808139633674,-0.1320232156557846
683,-0.13687850058013906,-0.13130666527526527
684,-0.1364064099056208,-0.13118145975444248
685,-0.13540512345069286,-0.13154205646686126
686,-0.13340541403071715,-0.13230948017033875
687,-0.13170506254704809,-0.13352842005365279
688,-0.12773528711062862,-0.13423867300683306
689,-0.12604011672323365,-0.1338219302726333
690,-0.12726323560712005,-0.13212277003055828
691,-0.13090816332941527,-0.1293717019413245
692,-0.13160009475222595,-0.1260252661161192
693,-0.1331997630822022,-0.12338693373632513
694,-0.13407764757770405,-0.12193912558052535
695,-0.13411520304040883,-0.12128525784496486
696,-0.1329591705834836,-0.12151836146119505
697,-0.13465822807655314,-0.12138087244594914
698,-0.13565054068436425,-0.12075538292599608
699,-0.137200739109773,-0.11974866843668522
700,-0.13609483667416508,-0.11825232646636263
701,-0.13803560780038837,-0.11713782222722657
702,-0.1393375744498428,-0.11802343471893043
703,-0.13922973640739747,-0.11984672976000557
704,-0.1373766317351669,-0.12137716998194427
705,-0.13908520431097138,-0.12364875238707268
706,-0.1381443773658435,-0.12519162192764588
707,-0.13588741004647345,-0.12453805990835838
708,-0.1360602017709895,-0.12479840449351318
709,-0.13421601734048258,-0.12624683181990673
710,-0.13156261250737278,-0.12714642490772285
711,-0.1306332662415285,-0.1279899105722502
712,-0.13145424870956912,-0.12896988291671618
713,-0.130243028718581,-0.1281013097641651
714,-0.13521880462528138,-0.1255863217605587
715,-0.1376634073695189,-0.12371564716042648
716,-0.13804965987066437,-0.12204002940606029
717,-0.13552897010011292,-0.12111967620137043
718,-0.13893047054987673,-0.12163054440025364
719,-0.13602809017539383,-0.1229819859121258
720,-0.13452146732686007,-0.12408421976129819
721,-0.13430057472240592,-0.12521224614717907
722,-0.13811581645175375,-0.12577714695815526
723,-0.13300378356168646,-0.1252580455205958
724,-0.13326738346711278,-0.12478527004803124
725,-0.134094243793038,-0.12340099748743037
726,-0.13521761532838167,-0.12195127256844043
727,-0.1333418233713176,-0.121309764222323
728,-0.1365374904424296,-0.12049125417174417
729,-0.13921711105408371,-0.12033051424914819
730,-0.1417402422071535,-0.12198765434862834
731,-0.1385197801066702,-0.12260337375377106
732,-0.139972063261489,-0.12336561601552591
733,-0.14111228440519108,-0.12418750637415508
734,-0.13845731520107982,-0.12281146358725535
735,-0.13499003943212332,-0.12105965617165187
736,-0.13927043060753244,-0.12125880290093223
737,-0.1373780643998081,-0.12154141171222496
738,-0.13793686743430822,-0.1230170264408421
739,-0.14079727471570264,-0.12637413032538994
740,-0.1447453767869194,-0.12808972000787908
741,-0.140374615514636,-0.12771987688516434
742,-0.14304958695283587,-0.127211390881226
743,-0.14342076614303112,-0.1246162983665435
744,-0.1409726119899473,-0.1221641553699828
745,-0.136383289570095,-0.12130476348992716
746,-0.13973173105242245,-0.122461721257633
747,-0.1379332883344847,-0.12309373068791794
748,-0.13796404299151227,-0.1250718729579726
749,-0.13789890680629482,-0.1273889730366644
750,-0.13949078962520386,-0.12790480002732957
751,-0.1376575671226765,-0.1273790082383691
752,-0.13817441399058328,-0.1263597000065848
753,-0.13655147865994716,-0.12450795273363738
754,-0.13854229930603001,-0.12231868126288642
755,-0.13981714524452776,-0.12220466223948398
756,-0.14259829586063782,-0.1231255192439982
757,-0.1401505619143032,-0.12421604864460904
758,-0.1363020713215187,-0.1259689870216217
759,-0.13118682361389755,-0.12673691263235054
760,-0.12812362025572044,-0.12519247050179835
761,-0.12512865970983672,-0.12422025965115907
762,-0.1253614002084427,-0.12355186498763181
763,-0.12924296718721062,-0.12284307430076244
764,-0.13138353512434664,-0.12327202131847781
765,-0.1338053820246038,-0.12486353314863032
766,-0.1346251518754047,-0.12429179349419851
767,-0.1343557502613199,-0.12344639415480203
768,-0.1343497258158095,-0.12230239066545498
769,-0.13607920871269297,-0.11915441177253476
770,-0.1336474299768544,-0.11712217594483694
771,-0.13574590986221355,-0.11670195746611688
772,-0.13745251147644702,-0.11673391577854113
773,-0.1341759181775265,-0.11824982458517141
774,-0.13223582875549492,-0.1206567210017476
775,-0.13409744010769278,-0.12083977669614822
776,-0.13329466796941578,-0.11996026587762848
777,-0.13392955082270905,-0.11936992338195514
778,-0.13434700989674458,-0.11769649122770542
779,-0.1346592862640305,-0.11642763850385275
780,-0.1348624374684077,-0.11769169179898932
781,-0.1356722764736756,-0.11836650039566425
782,-0.1374928264547412,-0.11801954978264084
783,-0.1371709959970924,-0.11844340076621654
784,-0.1380217378896754,-0.11853842717808266
785,-0.1377190302606158,-0.11887756803031485
786,-0.13774469596276312,-0.12117191783523285
787,-0.13436470235623238,-0.12413204558190487
788,-0.13391745906244623,-0.12718677918347346
789,-0.13294408328106602,-0.13017955669367523
790,-0.13514987148395696,-0.13127356498333045
791,-0.13310841539752427,-0.13098655115542407
792,-0.13219098631801798,-0.1299655090042934
793,-0.13470939419341996,-0.12794995223890546
794,-0.1337643781830236,-0.12579540106124498
795,-0.13087631774172492,-0.12494098971045473
796,-0.12875342213924987,-0.1248409355372915
797,-0.12908999051533493,-0.12570230991912063
798,-0.13058239993976967,-0.12785654003409447
799,-0.13364406300019,-0.1303918080320056
800,-0.1364619723899435,-0.13157041488684454
801,-0.13696126861895005,-0.1315833544888448
802,-0.1363014750651893,-0.13044125742645565
803,-0.13356122674868418,-0.12786553660604372
804,-0.1328982061481721,-0.12582228405534768
805,-0.132992410337155,-0.12499316363116755
806,-0.13372269325369002,-0.1249391292667992
807,-0.13525076032425987,-0.1258324626729732
808,-0.1377155475077405,-0.12704061236693384
809,-0.13691071130025034,-0.12833808837839977
810,-0.13711013324057308,-0.12812477541090822
811,-0.13926324399493797,-0.12790633189604095
812,-0.1399267207368418,-0.12744665696042196
813,-0.1402829505566372,-0.12673740006441286
814,-0.13876645152375788,-0.1258291635806109
815,-0.13744795084799052,-0.12563730664596498
816,-0.1380422651486245,-0.1258591957369564
817,-0.13951505359308913,-0.12649088813910003
818,-0.1372456395882748,-0.12815822985941783
819,-0.1386377349603519,-0.129705882534295
820,-0.13804241015851618,-0.13172925675284325
821,-0.13790436062125142,-0.13275304523970688
822,-0.1388119104381244,-0.13249713055245077
823,-0.14047417463135245,-0.13135477476141727
824,-0.13940240158830317,-0.129814127903751
825,-0.13736305929936815,-0.12779141202448713
826,-0.13650799047867745,-0.1267474717494842
827,-0.13430454195613026,-0.1273722418666227
828,-0.13144311722868024,-0.12792206070406875
829,-0.13230961446233813,-0.12766844461653676
830,-0.13335696998119176,-0.12737032624267414
831,-0.13327532270154632,-0.12629182166885664
832,-0.13159014313230055,-0.12447006584292178
833,-0.13144613135791028,-0.12435289968603255
834,-0.12957818212183736,-0.12610275632535517
835,-0.12905412617464607,-0.12766645043090183
836,-0.12846969117210097,-0.12951487297718817
837,-0.12798011433835624,-0.13165129174424833
838,-0.12981478993513848,-0.13235482142548308
839,-0.13317090206365492,-0.13197776314687534
840,-0.1343919442154905,-0.13276904629888117
841,-0.1328136257996858,-0.13387920642628115
842,-0.13196083630783134,-0.13405666539480626
843,-0.13224560199950997,-0.13406381261378164
844,-0.1306703756905745,-0.13399763134740214
845,-0.12947041020775063,-0.1329465747661489
846,-0.1319621687214199,-0.1322673798312805
847,-0.1355725865170397,-0.13198802765583997
848,-0.13656299392230983,-0.13109074264030157
849,-0.13815644234607913,-0.1294020020653129
850,-0.13846422999980407,-0.12695925895980725
851,-0.13581407153482164,-0.12396662602501853
852,-0.13323177485829268,-0.12220622189029184
853,-0.12998237027520182,-0.12187557391246356
854,-0.1279996601100014,-0.12308714682306543
855,-0.1284432121012884,-0.12610127587894637
856,-0.129618738277243,-0.12963130568856907
857,-0.12963475128781785,-0.1331147926712588
858,-0.1319378798499969,-0.13610875663689231
859,-0.13209866892376207,-0.13759600819262763
860,-0.13254157231445876,-0.13689462250263454
861,-0.1344520029432227,-0.13427032587079213
862,-0.1351158220533772,-0.1303456398965262
863,-0.13472658417871147,-0.12659133192054067
864,-0.13524524474354757,-0.12421531681840947
865,-0.13545418872235673,-0.12396849326468493
866,-0.13349660477749906,-0.12528361895241283
867,-0.13400332438408688,-0.12654672502278783
868,-0.13655178222953349,-0.1273736207370096
869,-0.1384711382507863,-0.12779075370042206
870,-0.13926587532923235,-0.12708882631328514
871,-0.1409457855811985,-0.1255832091958275
872,-0.1422398615391729,-0.1244725818028323
873,-0.14083311415202066,-0.12334439700923111
874,-0.14054611046745194,-0.1217233648438991
875,-0.14094829029936784,-0.12031903667317251
876,-0.13850229997930227,-0.11924097331115886
877,-0.13691620138657828,-0.11881444327959358
878,-0.1369643304488196,-0.11971446794126082
879,-0.13460152801117758,-0.12168846267177877
880,-0.13317712958343914,-0.12425926719265756
881,-0.13421166225435538,-0.12728200124833927
882,-0.134063697563113,-0.12922675124365854
883,-0.13349738076900558,-0.12896286529870177
884,-0.13561296017961122,-0.12771401780829092
885,-0.13699508259797696,-0.1260700534455781
886,-0.1362146857697377,-0.12463322665402218
887,-0.1373471186426941,-0.12453429510971535
888,-0.13894297513059375,-0.12621954775625457
889,-0.13682979924398012,-0.12840573508085487
890,-0.13427712886191498,-0.12990624244162918
891,-0.13560699890286906,-0.13063146248752067
892,-0.13390948372001749,-0.1300076318473568
893,-0.13003186084201526,-0.12830638016474638
894,-0.12982790979810963,-0.12674356054744645
895,-0.1302662310743145,-0.12646806970965777
896,-0.12804912531990065,-0.1268746111405696
897,-0.12788155850706637,-0.127393197651124
898,-0.13007722151903628,-0.1275475358594381
899,-0.1314134918925776,-0.1262519566890695
900,-0.1317169785018972,-0.12388863782912872
901,-0.13149892940391797,-0.12187681685149153
902,-0.1329792442959893,-0.12051761725651053
903,-0.1334559676302834,-0.12027308080871901
904,-0.13180766765506102,-0.12161030080570362
905,-0.13348411789904244,-0.12399025473390671
906,-0.13717345885523197,-0.12637255244406095
907,-0.13699063697027208,-0.12863422438664227
908,-0.13569273675561483,-0.130698777180501
909,-0.13623431038995518,-0.13203498787466095
910,-0.13567563315389047,-0.13251200435261398
911,-0.13273260656197658,-0.13242511147418093
912,-0.13345940094311118,-0.13214796220737254
913,-0.13468254598718332,-0.13133346623004458
914,-0.13368216262411392,-0.13060625708871726
915,-0.13354148084442696,-0.12966845900762747
916,-0.13585021511272075,-0.12802561493318138
917,-0.1346214993161691,-0.12581578164068108
918,-0.13268222127439525,-0.12346388573825413
919,-0.13600093839554903,-0.12190268224846748
920,-0.13761276451830348,-0.12175907704572696
921,-0.13859796591283377,-0.12311107889901653
922,-0.13944972855708357,-0.1260265914901584
923,-0.13946824288176596,-0.1294737219292745
924,-0.13870959895068408,-0.13150912766035358
925,-0.13849749978773795,-0.13213092952192812
926,-0.13827964374603025,-0.1315616134602893
927,-0.13785503404300012,-0.1302974913168233
928,-0.13739167225383264,-0.12925086114503143
929,-0.13666475849635298,-0.12882960139074076
930,-0.13285119403115989,-0.12868168521693588
931,-0.13171665929863968,-0.12831275237514767
932,-0.1324657064347286,-0.12735031824770104
933,-0.13249385384070203,-0.12569950377894992
934,-0.13241073759407496,-0.12397231734597715
935,-0.13288019945987087,-0.12244527282922234
936,-0.13085097208111862,-0.12131604245340724
937,-0.13261299581812294,-0.12136337052421901
938,-0.1358151811674589,-0.12281837705939669
939,-0.13525245797564261,-0.12433308175171225
940,-0.13833591849321483,-0.12566766925629227
941,-0.14201434910745947,-0.1266150057409778
942,-0.14216665686224866,-0.12677462167350853
943,-0.14244056212136985,-0.12594924308490496
944,-0.1423838280608263,-0.12449383130957814
945,-0.14270574689768958,-0.12319324250777809
946,-0.14065155677883234,-0.12150757414789619
947,-0.13746587478151523,-0.11921656250706764
948,-0.13645037797004936,-0.11681932149454748
949,-0.13923928277983505,-0.11616056557504299
950,-0.13666274978656576,-0.11625005850806765
951,-0.13868789611756807,-0.1177747404448175
952,-0.13740682992394637,-0.11951850853173512
953,-0.13469372748763725,-0.12126110792481531
954,-0.13297576959755092,-0.1219695611655674
955,-0.13370237437575547,-0.12105610179037198
956,-0.13178163101901744,-0.12066096268428185
957,-0.133638659535911,-0.12107329302751428
958,-0.13321383609296,-0.12064231609923037
959,-0.1310933738108356,-0.12144048836101946
960,-0.13197042325598202,-0.12310439144027487
961,-0.1307804109912788,-0.12307922581825043
962,-0.12797874833799333,-0.12217781495484158
963,-0.12793023675070667,-0.12062983243107617
964,-0.12980874720339147,-0.11805358886830779
965,-0.1294798391497431,-0.11491498451397839
966,-0.13119799358824458,-0.11318790694911476
967,-0.13166135814810231,-0.11265416950422626
968,-0.13589423350524646,-0.11448704725426867
969,-0.13564451113803572,-0.11706905145078084
970,-0.13654321923211024,-0.12141566151202515
971,-0.13691414973420607,-0.1257481181950706
972,-0.139309744462928,-0.12946529983046995
973,-0.1350569445798721,-0.132099265872752
974,-0.13770050896949732,-0.13331397454159213
975,-0.1362155928411867,-0.13328247875684185
976,-0.1374193347100017,-0.13206971341497892
977,-0.13907920471255153,-0.13063385521976215
978,-0.14190921698471007,-0.12930763850723684
979,-0.13955968607398073,-0.12815876336927534
980,-0.14121779087702147,-0.12582816729360552
981,-0.1399504518041708,-0.12371905324398626
982,-0.14038224589644177,-0.12283303506092995
983,-0.14096930408453423,-0.12237332454087431
984,-0.13816085473672401,-0.12301060816341533
985,-0.1342863457586168,-0.12527067898576072
986,-0.1340308906666183,-0.1269669737499293
987,-0.13110388202624323,-0.12571856653395702
988,-0.12789423206003206,-0.12389303617547985
989,-0.1334348849815926,-0.1203325019391387
990,-0.13407418317747685,-0.11680187273236557
991,-0.13061804393740714,-0.11449042510940315
992,-0.13352886620181045,-0.1148921300631337
993,-0.1377543432114662,-0.11632327429368812
994,-0.13219737294363873,-0.11782173968051583
995,-0.13389319385312637,-0.11829903773878915
996,-0.13939647495542462,-0.11786016760474106
997,-0.13839676173681634,-0.11688513645283628
998,-0.13668608200843888,-0.11546877563669027
999,-0.13828667182698465,-0.11667449622863534
