Step,Actor Loss,Critic Loss
33,0.0936872586607933,0.025844227522611618
34,0.09328637272119522,0.026390794664621353
35,0.09320001304149628,0.024647079408168793
36,0.10424280911684036,0.02769225463271141
37,0.095662921667099,0.025636892765760422
38,0.08578268438577652,0.02369072288274765
39,0.08854354918003082,0.02279546670615673
40,0.08986110985279083,0.024268684908747673
41,0.0990421324968338,0.028493251651525497
42,0.07915773242712021,0.027956971898674965
43,0.09259865432977676,0.02740856632590294
44,0.09196077287197113,0.027779605239629745
45,0.08635319024324417,0.026190919801592827
46,0.08733620494604111,0.028225496411323547
47,0.08088799566030502,0.025101596489548683
48,0.08226974308490753,0.02442457713186741
49,0.09191007167100906,0.0302873682230711
50,0.10001902282238007,0.030675053596496582
51,0.07972708344459534,0.02898397669196129
52,0.08737758547067642,0.029673520475625992
53,0.09213882684707642,0.025689775124192238
54,0.08184695243835449,0.031076844781637192
55,0.08775825798511505,0.02687893807888031
56,0.07890914380550385,0.02315901778638363
57,0.08837629854679108,0.029921263456344604
58,0.07199513912200928,0.02444641850888729
59,0.07424771040678024,0.0256203506141901
60,0.07297509908676147,0.027197856456041336
1,0.0746619701385498,0.023862168192863464
2,0.09199079126119614,0.031974680721759796
3,0.08585909008979797,0.024294618517160416
4,0.09155333042144775,0.025948358699679375
5,0.08788982033729553,0.02440325729548931
6,0.09421521425247192,0.0290883406996727
7,0.08123303204774857,0.024092016741633415
8,0.08344827592372894,0.024950940161943436
9,0.09041028469800949,0.026659753173589706
10,0.08269645273685455,0.024454589933156967
11,0.09441928565502167,0.030392033979296684
12,0.08719473332166672,0.03289903327822685
13,0.08446948975324631,0.024847552180290222
14,0.07440996915102005,0.0220749881118536
15,0.09238637238740921,0.034564197063446045
16,0.08706697076559067,0.0272748451679945
17,0.07752252370119095,0.02165750041604042
18,0.0928226113319397,0.029584743082523346
19,0.07432925701141357,0.020335260778665543
20,0.09764499217271805,0.032132476568222046
21,0.06915424764156342,0.02425774186849594
22,0.10112841427326202,0.028753813356161118
23,0.0713222473859787,0.0212355125695467
24,0.07929310202598572,0.023164663463830948
25,0.101300910115242,0.027433795854449272
26,0.082661472260952,0.023382220417261124
27,0.09696658700704575,0.031240256503224373
28,0.09821868687868118,0.03553847596049309
29,0.07754533737897873,0.028703920543193817
30,0.10840179771184921,0.029866360127925873
31,0.09498529881238937,0.027015091851353645
32,0.09070518612861633,0.025899069383740425
33,0.10707850754261017,0.03404571861028671
34,0.07933194190263748,0.030037514865398407
35,0.08568619936704636,0.025448501110076904
36,0.09589709341526031,0.030157560482621193
37,0.07653695344924927,0.025682052597403526
38,0.10090597718954086,0.02792571857571602
39,0.0876334011554718,0.022887051105499268
40,0.06800412386655807,0.018823273479938507
41,0.07047097384929657,0.022066764533519745
42,0.0833144336938858,0.02298237383365631
43,0.08814337104558945,0.027487194165587425
44,0.10044123232364655,0.03216208517551422
45,0.09887930750846863,0.038217443972826004
46,0.08588483929634094,0.03162476047873497
47,0.07713527232408524,0.020679550245404243
48,0.08121334761381149,0.024406787008047104
49,0.08847604691982269,0.027233218774199486
50,0.09539487957954407,0.026079507544636726
51,0.09381964802742004,0.0292530320584774
52,0.08399412035942078,0.032524991780519485
53,0.08126868307590485,0.03211747854948044
54,0.07807189226150513,0.0322490818798542
55,0.0949256420135498,0.029203040525317192
56,0.06960709393024445,0.024734698235988617
57,0.08486062288284302,0.02664157934486866
58,0.0873609408736229,0.031107107177376747
59,0.08003338426351547,0.02783772721886635
60,0.09674181044101715,0.02898712456226349
1,0.09740081429481506,0.029606515541672707
2,0.08385973423719406,0.02902410738170147
3,0.08326170593500137,0.028347542509436607
4,0.0944494977593422,0.031105834990739822
5,0.0761738047003746,0.03023527003824711
6,0.07698697596788406,0.02730964869260788
7,0.09099487215280533,0.04034336656332016
8,0.06659076362848282,0.0259667057543993
9,0.08744008839130402,0.03257322683930397
10,0.08326224982738495,0.02218066342175007
11,0.07209034264087677,0.029010888189077377
12,0.06918612867593765,0.02323094941675663
13,0.09564510732889175,0.031085681170225143
14,0.07365457713603973,0.028115268796682358
15,0.06523028761148453,0.02004212513566017
16,0.06934069097042084,0.025106966495513916
17,0.09402276575565338,0.03502789884805679
18,0.09501218795776367,0.03163439407944679
19,0.08206122368574142,0.028828352689743042
20,0.0747460126876831,0.03187274560332298
21,0.05735040083527565,0.026731403544545174
22,0.053622737526893616,0.019610751420259476
23,0.0932302176952362,0.03041546605527401
24,0.0932822898030281,0.034421272575855255
25,0.06706856191158295,0.023640377447009087
26,0.06094735115766525,0.029798733070492744
27,0.05942407250404358,0.021429456770420074
28,0.07316901534795761,0.02423194795846939
29,0.08519258350133896,0.033214375376701355
30,0.08924540877342224,0.03274855017662048
31,0.08273854106664658,0.026636609807610512
32,0.06022754684090614,0.01751065067946911
33,0.0873822271823883,0.03185657784342766
34,0.07591233402490616,0.02546638436615467
35,0.0835457518696785,0.030383598059415817
36,0.06944513320922852,0.02252846211194992
37,0.0907711535692215,0.026904109865427017
38,0.0699441060423851,0.026299212127923965
39,0.07525652647018433,0.023940596729516983
40,0.05761156976222992,0.023591171950101852
41,0.05606130510568619,0.019601821899414062
42,0.08410283923149109,0.035402074456214905
43,0.08515933901071548,0.030107896775007248
44,0.07924257218837738,0.029388071969151497
45,0.06556127965450287,0.027672624215483665
46,0.07503581792116165,0.025918588042259216
47,0.0762142688035965,0.020543955266475677
48,0.06835684180259705,0.02909226343035698
49,0.0870794802904129,0.02600850537419319
50,0.07621070742607117,0.02660779468715191
51,0.06835611164569855,0.028553329408168793
52,0.08225616812705994,0.030139723792672157
53,0.05038738250732422,0.017532752826809883
54,0.0694081261754036,0.03115227073431015
55,0.06079438328742981,0.025324301794171333
56,0.056603170931339264,0.021245412528514862
57,0.05792051553726196,0.024322252720594406
58,0.05366848036646843,0.023654917255043983
59,0.080769382417202,0.026152674108743668
60,0.05446257069706917,0.031028084456920624
1,0.08600790798664093,0.02606028877198696
2,0.08342726528644562,0.03586043417453766
3,0.07217507064342499,0.029754020273685455
4,0.0645093321800232,0.02767174504697323
5,0.046501971781253815,0.022330936044454575
6,0.07055889815092087,0.025202497839927673
7,0.08146631717681885,0.02919655852019787
8,0.05812941864132881,0.026832453906536102
9,0.06848426908254623,0.029667720198631287
10,0.06986172497272491,0.02288021147251129
11,0.08394347876310349,0.03197956830263138
12,0.09062893688678741,0.029786184430122375
13,0.06827888637781143,0.021974416449666023
14,0.051136668771505356,0.026405226439237595
15,0.07194622606039047,0.03428329899907112
16,0.07294301688671112,0.025427548214793205
17,0.05085952579975128,0.021369222551584244
18,0.07443491369485855,0.02524658665060997
19,0.07686246931552887,0.031401436775922775
20,0.05774454027414322,0.01981741189956665
21,0.07291118800640106,0.027161963284015656
22,0.07559732347726822,0.0320858359336853
23,0.047948628664016724,0.017784368246793747
24,0.05448004603385925,0.02585558593273163
25,0.07873889058828354,0.026038458570837975
26,0.0591474249958992,0.020984947681427002
27,0.06505385041236877,0.02612796053290367
28,0.0528850182890892,0.022329114377498627
29,0.04110010340809822,0.016581272706389427
30,0.08623000234365463,0.031200580298900604
31,0.04921864718198776,0.023756371811032295
32,0.0684613287448883,0.027342339977622032
33,0.07561774551868439,0.028517168015241623
34,0.057527050375938416,0.021343152970075607
35,0.06477466225624084,0.028364600613713264
36,0.057329073548316956,0.027566509321331978
37,0.04465779662132263,0.016308987513184547
38,0.0517800897359848,0.025173714384436607
39,0.0733959972858429,0.020313620567321777
40,0.08270052075386047,0.028637290000915527
41,0.07190709561109543,0.022141167894005775
42,0.051074348390102386,0.018557364121079445
43,0.06477966904640198,0.023521985858678818
44,0.06707453727722168,0.026215611025691032
45,0.05613998696208,0.025422312319278717
46,0.058723628520965576,0.028678106144070625
47,0.04568678140640259,0.020134229212999344
48,0.07085071504116058,0.02267606556415558
49,0.07310550659894943,0.029170481488108635
50,0.06374931335449219,0.020383330062031746
51,0.060237959027290344,0.021075185388326645
52,0.05910935997962952,0.02163391187787056
53,0.05230538174510002,0.01849282905459404
54,0.07234489917755127,0.029930835589766502
55,0.04823903739452362,0.023859918117523193
56,0.06630554050207138,0.030562208965420723
57,0.058994121849536896,0.020636899396777153
58,0.03181924670934677,0.013401703909039497
59,0.061919644474983215,0.027859410271048546
60,0.068926602602005,0.025286536663770676
1,0.06382821500301361,0.02674446627497673
2,0.06914627552032471,0.029314126819372177
3,0.07694990187883377,0.0284887682646513
4,0.0563526451587677,0.02130180038511753
5,0.07362844049930573,0.035479698330163956
6,0.037452567368745804,0.01827026903629303
7,0.04100441932678223,0.01767546869814396
8,0.07133709639310837,0.029126912355422974
9,0.048588335514068604,0.02160711959004402
10,0.04465238377451897,0.02791721001267433
11,0.08133368194103241,0.028045494109392166
12,0.06713289022445679,0.02987140789628029
13,0.0657072588801384,0.02442934550344944
14,0.058958154171705246,0.023638613522052765
15,0.05351659655570984,0.018903104588389397
16,0.07169752568006516,0.02721952274441719
17,0.06528372317552567,0.02442292310297489
18,0.05041782185435295,0.02328195609152317
19,0.05297885462641716,0.030044011771678925
20,0.07073623687028885,0.028901176527142525
21,0.05071650817990303,0.032362066209316254
22,0.05138236656785011,0.0235512163490057
23,0.05313175171613693,0.023201925680041313
24,0.06409909576177597,0.02017832174897194
25,0.06616446375846863,0.025342220440506935
26,0.05688348412513733,0.03274810314178467
27,0.0381968691945076,0.018237104639410973
28,0.048791658133268356,0.028278954327106476
29,0.05762939900159836,0.028534503653645515
30,0.05847844481468201,0.029261600226163864
31,0.04720037430524826,0.02797355130314827
32,0.04000309854745865,0.022081419825553894
33,0.040962014347314835,0.015961550176143646
34,0.04173948988318443,0.027688413858413696
35,0.05262817442417145,0.023234141990542412
36,0.059169936925172806,0.03150328993797302
37,0.03367508202791214,0.02205958589911461
38,0.04917513579130173,0.02278994210064411
39,0.0552065372467041,0.035256125032901764
40,0.04557282477617264,0.01828274317085743
41,0.04966697096824646,0.022045288234949112
42,0.0757870227098465,0.032763369381427765
43,0.038144759833812714,0.02047267183661461
44,0.051275648176670074,0.02641279250383377
45,0.048707637935876846,0.02884400077164173
46,0.06951113045215607,0.03328937664628029
47,0.05955910310149193,0.03483017161488533
48,0.07169657945632935,0.025684993714094162
49,0.04319765418767929,0.016253240406513214
50,0.02031094767153263,0.020320089533925056
51,0.04352923482656479,0.02253873273730278
52,0.04082527756690979,0.025394711643457413
53,0.048409294337034225,0.02422405034303665
54,0.029390539973974228,0.023411529138684273
55,0.023239966481924057,0.022126339375972748
56,0.0405862033367157,0.02173192799091339
57,0.04581789672374725,0.026303762570023537
58,0.039120160043239594,0.02753766067326069
59,0.049975451081991196,0.023622626438736916
60,0.025666531175374985,0.029296856373548508
1,0.07051987946033478,0.03184293583035469
2,0.0610242635011673,0.032199352979660034
3,0.04102347418665886,0.021205667406320572
4,0.03894614800810814,0.025044267997145653
5,0.029291970655322075,0.024855507537722588
6,0.061692848801612854,0.03879932314157486
7,0.03546934947371483,0.027570249512791634
8,0.026376402005553246,0.019292298704385757
9,0.05165101960301399,0.03152194991707802
10,0.03942472115159035,0.028355300426483154
11,0.028893383219838142,0.011783122085034847
12,0.04832563176751137,0.02777377888560295
13,0.0422699898481369,0.018577788025140762
14,0.06570258736610413,0.03089918941259384
15,0.05653729289770126,0.030079001560807228
16,0.031780071556568146,0.024482358247041702
17,0.03325440362095833,0.0231702271848917
18,0.051181383430957794,0.02225153148174286
19,0.02629796788096428,0.023160239681601524
20,0.038831260055303574,0.022308530285954475
21,0.055876150727272034,0.02598206326365471
22,0.04906603693962097,0.029970791190862656
23,0.030002616345882416,0.020582372322678566
24,0.05743240565061569,0.0259024016559124
25,0.06082581728696823,0.02633117511868477
26,0.044538285583257675,0.03212422505021095
27,0.028725819662213326,0.024152148514986038
28,0.043744660913944244,0.019090455025434494
29,0.04224182665348053,0.02075180783867836
30,0.03933238610625267,0.024554628878831863
31,0.03238696977496147,0.027092011645436287
32,0.015480754896998405,0.02158023975789547
33,0.042733702808618546,0.026318730786442757
34,0.029070274904370308,0.0205541905015707
35,0.04860532656311989,0.02527635730803013
36,0.009934864938259125,0.020016754046082497
37,0.0438433438539505,0.023420946672558784
38,0.05473833158612251,0.02920248731970787
39,0.031244099140167236,0.021394867449998856
40,0.03718346357345581,0.02185722254216671
41,0.05969918519258499,0.02581140026450157
42,0.04296247288584709,0.024872176349163055
43,0.05398033186793327,0.024964267387986183
44,0.03790447860956192,0.025300463661551476
45,0.03125736489892006,0.01920326240360737
46,0.044544629752635956,0.03316553309559822
47,0.03220602124929428,0.02447570115327835
48,0.02077261172235012,0.023629765957593918
49,0.01752626895904541,0.01817796193063259
50,0.04328631982207298,0.028727930039167404
51,0.047961052507162094,0.026844242587685585
52,0.04752042144536972,0.02555944211781025
53,0.015716658905148506,0.01990066096186638
54,0.027306316420435905,0.01682569459080696
55,0.03404291346669197,0.0297542791813612
56,0.03587163984775543,0.028423689305782318
57,0.028501715511083603,0.018453242257237434
58,0.030440427362918854,0.023376524448394775
59,0.01997307501733303,0.017674552276730537
60,0.017567839473485947,0.016594471409916878
1,0.03996704891324043,0.03489796444773674
2,0.037552088499069214,0.02585412934422493
3,0.011828322894871235,0.023520469665527344
4,0.04591953009366989,0.022761454805731773
5,0.05860396474599838,0.04072193056344986
6,0.020660199224948883,0.021373407915234566
7,0.03171081840991974,0.021800758317112923
8,0.02496214397251606,0.015401437878608704
9,0.023320628330111504,0.020959122106432915
10,0.04295919090509415,0.02042386308312416
11,0.05189235508441925,0.03361022099852562
12,0.03417547792196274,0.021900467574596405
13,0.029917757958173752,0.024383923038840294
14,0.039242349565029144,0.019451476633548737
15,0.021315257996320724,0.020253242924809456
16,0.027879558503627777,0.022574175149202347
17,0.01816491037607193,0.018879415467381477
18,0.014861207455396652,0.017331823706626892
19,0.016632813960313797,0.02074384316802025
20,0.012795517221093178,0.01990550383925438
21,0.031493622809648514,0.017841387540102005
22,0.02173869125545025,0.02103366330265999
23,0.023694448173046112,0.023821311071515083
24,0.025466423481702805,0.027904100716114044
25,0.025041550397872925,0.017594393342733383
26,0.02801225520670414,0.02017178200185299
27,0.02945728227496147,0.021685022860765457
28,0.02130354754626751,0.02144411765038967
29,0.04358883947134018,0.02329741232097149
30,0.01768629625439644,0.01845632679760456
31,0.02418689616024494,0.02039383538067341
32,0.014268806204199791,0.01726691797375679
33,0.019369689747691154,0.01525656133890152
34,0.0027312557213008404,0.017164576798677444
35,0.0419168658554554,0.02336227521300316
36,0.03315688669681549,0.022366538643836975
37,0.015464424155652523,0.02467401698231697
38,0.03742782026529312,0.021770376712083817
39,0.024698810651898384,0.02587796561419964
40,0.03545965626835823,0.026729829609394073
41,0.019388731569051743,0.02592889592051506
42,0.021750353276729584,0.016315441578626633
43,0.0306182112544775,0.020626183599233627
44,0.00721325445920229,0.024960361421108246
45,0.031161164864897728,0.020405761897563934
46,0.029390549287199974,0.025739414617419243
47,0.011495047248899937,0.02026183344423771
48,0.013877028599381447,0.026207998394966125
49,-0.01752803474664688,0.012716598808765411
50,0.025452522560954094,0.0261100921779871
51,0.023088090121746063,0.022655708715319633
52,0.02686755731701851,0.025025013834238052
53,0.030224405229091644,0.023169925436377525
54,0.005797183141112328,0.018342580646276474
55,0.044819314032793045,0.022704526782035828
56,0.016497094184160233,0.019038721919059753
57,0.03041849657893181,0.026213224977254868
58,0.008747359737753868,0.02366848848760128
59,0.008165626786649227,0.02581186592578888
60,0.03126394748687744,0.03379437327384949
1,0.018496526405215263,0.025980623438954353
2,0.021988969296216965,0.03933528810739517
3,0.021884813904762268,0.02859063819050789
4,0.026687178760766983,0.024730945006012917
5,0.03903239220380783,0.03468536585569382
6,0.01851290464401245,0.026347579434514046
7,0.015199873596429825,0.020447012037038803
8,0.009539620950818062,0.019422870129346848
9,0.04183436185121536,0.03853479400277138
10,0.011216150596737862,0.0216329675167799
11,0.00754984887316823,0.01601260155439377
12,-0.0061936331912875175,0.021062934771180153
13,0.020818166434764862,0.020136555656790733
14,-0.010304134339094162,0.015391088090837002
15,0.014225970953702927,0.026086067780852318
16,0.003967640921473503,0.024164708331227303
17,0.014254504814743996,0.024807920679450035
18,0.017469976097345352,0.017328768968582153
19,0.020510811358690262,0.021011505275964737
20,0.0300116129219532,0.023793058469891548
21,0.001169530674815178,0.028613483533263206
22,0.03645109012722969,0.03418798744678497
23,0.013349042274057865,0.027337696403265
24,0.010622620582580566,0.025688080117106438
25,0.020734379068017006,0.020198145881295204
26,0.021318012848496437,0.022023342549800873
27,0.018545392900705338,0.02144145965576172
28,0.01564968004822731,0.03675048425793648
29,0.015174446627497673,0.022436197847127914
30,-0.00539514422416687,0.03070860728621483
31,0.03824760019779205,0.025481482967734337
32,0.01768762245774269,0.02492234669625759
33,0.03006010316312313,0.027685757726430893
34,0.00890290830284357,0.01880824938416481
35,0.0094138840213418,0.026270074769854546
36,0.027928471565246582,0.02749086171388626
37,0.0006684842519462109,0.0267550740391016
38,0.012229949235916138,0.023358969017863274
39,0.007110722828656435,0.019034558907151222
40,0.012177638709545135,0.028571490198373795
41,0.024766992777585983,0.029239946976304054
42,-0.002423608209937811,0.025707397609949112
43,0.01918165571987629,0.023669088259339333
44,0.015878016129136086,0.02934553101658821
45,0.007359153591096401,0.02229270339012146
46,0.02782738208770752,0.023535022512078285
47,0.023142561316490173,0.03104592300951481
48,0.022993823513388634,0.028630463406443596
49,0.018632035702466965,0.020551364868879318
50,0.022656619548797607,0.020771250128746033
51,-0.012745334766805172,0.02281186729669571
52,0.016436612233519554,0.03526586666703224
53,-0.00860568881034851,0.020299164578318596
54,-0.010584604926407337,0.011339468881487846
55,0.009576220996677876,0.02307773008942604
56,0.01622573845088482,0.033711522817611694
57,0.00511027779430151,0.02277662605047226
58,0.01505075953900814,0.037651315331459045
59,-0.008431177586317062,0.01751873269677162
60,-0.0007065392564982176,0.023547571152448654
1,0.017770009115338326,0.024869531393051147
2,0.012525959871709347,0.019771430641412735
3,0.004975574091076851,0.028932271525263786
4,0.00300584826618433,0.02536809630692005
5,-0.001285447971895337,0.021916091442108154
6,0.015363303944468498,0.02306540310382843
7,0.015380965545773506,0.026272721588611603
8,0.012682679109275341,0.02922920137643814
9,-0.0024877795949578285,0.02054927870631218
10,0.016504867002367973,0.02672155760228634
11,0.010080217383801937,0.020491426810622215
12,0.02679314650595188,0.01871989294886589
13,0.0006735674105584621,0.024966411292552948
14,0.007113946136087179,0.0159602127969265
15,-0.015770770609378815,0.02539469674229622
16,0.003610279643908143,0.02507922798395157
17,0.012230856344103813,0.018700113520026207
18,-0.0002973907394334674,0.025201234966516495
19,0.011188594624400139,0.02468901500105858
20,-0.013567792251706123,0.019012991338968277
21,-0.008066541515290737,0.022563723847270012
22,-0.002639026613906026,0.01643061637878418
23,-0.002923068590462208,0.028655335307121277
24,0.00542644876986742,0.024018418043851852
25,-0.004206460900604725,0.026021793484687805
26,-0.02545781433582306,0.0194382444024086
27,0.012394426390528679,0.025034982711076736
28,-0.001793848816305399,0.026702264323830605
29,0.010022308677434921,0.02469669282436371
30,-0.016824372112751007,0.017630500718951225
31,0.024108003824949265,0.031242690980434418
32,0.006330838426947594,0.026390546932816505
33,0.00757237384095788,0.02910427190363407
34,-0.0013522731605917215,0.023648954927921295
35,-0.016553426161408424,0.025944365188479424
36,0.009829516522586346,0.02609323337674141
37,0.013712001964449883,0.025521012023091316
38,0.009495103731751442,0.025594351813197136
39,-0.006299802102148533,0.013625473715364933
40,-0.0037753237411379814,0.024234674870967865
41,-0.01620788499712944,0.015954498201608658
42,-0.019924089312553406,0.019945403560996056
43,-0.00019964505918323994,0.020013635978102684
44,-0.02110234647989273,0.019571134820580482
45,0.008824590593576431,0.025458740070462227
46,-0.014888450503349304,0.02748887799680233
47,0.009578150697052479,0.03170266002416611
48,-0.02379368245601654,0.017280003055930138
49,-0.00744110532104969,0.022006526589393616
50,-0.0037622894160449505,0.03291095793247223
51,-0.006787452846765518,0.02206389047205448
52,-0.0058449143543839455,0.026540357619524002
53,0.005244976840913296,0.026885582134127617
54,-0.004452369641512632,0.026418808847665787
55,0.025214726105332375,0.021258339285850525
56,0.008043846115469933,0.032051291316747665
57,-0.031953759491443634,0.01677088998258114
58,0.009894517250359058,0.033089134842157364
59,-0.004572655074298382,0.02623898535966873
60,-0.01979695074260235,0.023294629529118538
1,-0.00017135357484221458,0.02491644024848938
2,-0.0010267772013321519,0.02503831312060356
3,0.009741950780153275,0.024350298568606377
4,-0.005353034473955631,0.02560911886394024
5,0.010357610881328583,0.03152375668287277
6,-0.014740651473402977,0.023409463465213776
7,0.018440965563058853,0.030246028676629066
8,-0.009488435462117195,0.01913050003349781
9,-0.005167500115931034,0.021452559158205986
10,-0.0005365728866308928,0.01860666647553444
11,-0.023790093138813972,0.014233672991394997
12,-0.009694182313978672,0.026908395811915398
13,-0.008396059274673462,0.02467442862689495
14,0.0008137589320540428,0.021433398127555847
15,-0.030093364417552948,0.026995621621608734
16,-0.0022574285976588726,0.027303893119096756
17,-0.015811506658792496,0.026146898046135902
18,-0.00964938011020422,0.027488017454743385
19,-0.0017195972613990307,0.02246999554336071
20,-0.013046683743596077,0.024851616472005844
21,-0.011297403834760189,0.028533898293972015
22,-0.012912452220916748,0.026090919971466064
23,-0.010385287925601006,0.026803623884916306
24,-0.01947740837931633,0.023611702024936676
25,0.002668614499270916,0.036481160670518875
26,-0.011834466829895973,0.02747093327343464
27,-0.020017068833112717,0.021350407972931862
28,0.005484827794134617,0.032078538089990616
29,-0.026545876637101173,0.020133644342422485
30,-0.03722577169537544,0.017626851797103882
31,-0.017119353637099266,0.021197248250246048
32,-0.020645366981625557,0.026367926970124245
33,-0.03734982758760452,0.025812936946749687
34,-0.031625404953956604,0.025660863146185875
35,-0.03566814959049225,0.017023976892232895
36,-0.023429544642567635,0.019147008657455444
37,-0.029091540724039078,0.024085303768515587
38,-0.019964883103966713,0.021623460575938225
39,-0.01795441284775734,0.021337034180760384
40,-0.004958505742251873,0.02967856079339981
41,-0.011009493842720985,0.030173668637871742
42,-0.003331531537696719,0.024909554049372673
43,-0.006278212647885084,0.030150340870022774
44,-4.8718880861997604e-05,0.02587060257792473
45,-0.018980519846081734,0.036330319941043854
46,-0.03143768385052681,0.01924748905003071
47,-0.016545457765460014,0.029234634712338448
48,-0.0057468898594379425,0.02073569782078266
49,-0.026331527158617973,0.029900139197707176
50,-0.028945285826921463,0.020006868988275528
51,-0.018850088119506836,0.022093193605542183
52,-0.009318421594798565,0.0237780399620533
53,-0.007489721290767193,0.03212134912610054
54,-0.03485759347677231,0.021574176847934723
55,-0.0044449009001255035,0.027913104742765427
56,0.011976298876106739,0.02787504903972149
57,-0.014808733016252518,0.020710090175271034
58,-0.027603931725025177,0.018411656841635704
59,-0.019651684910058975,0.017529118806123734
60,-0.0318332314491272,0.029625434428453445
1,-0.0217666644603014,0.021840620785951614
2,-0.034906111657619476,0.018417570739984512
3,-0.026465777307748795,0.02386188507080078
4,-0.030724957585334778,0.025051027536392212
5,-0.014502289704978466,0.024277925491333008
6,-0.025932416319847107,0.020086724311113358
7,-0.01539449580013752,0.030933190137147903
8,-0.018511857837438583,0.0268382728099823
9,-0.021263983100652695,0.02082795277237892
10,-0.03036307916045189,0.014177433215081692
11,-0.00593341002240777,0.03376384451985359
12,0.0012033423408865929,0.03909437730908394
13,-0.015104214660823345,0.027455858886241913
14,-0.020609738305211067,0.024497222155332565
15,-0.015011153183877468,0.025804409757256508
16,-0.041060857474803925,0.01976989209651947
17,-0.016969069838523865,0.028898384422063828
18,-0.01787535473704338,0.0354854017496109
19,-0.0035537704825401306,0.025497589260339737
20,-0.018724806606769562,0.02517581172287464
21,-0.010302569717168808,0.03740720823407173
22,-0.02536044456064701,0.021417856216430664
23,-0.03751692175865173,0.021400123834609985
24,-0.00223602750338614,0.033568911254405975
25,-0.025445766746997833,0.023381046950817108
26,-0.018323324620723724,0.03043157234787941
27,-0.017024625092744827,0.0203513465821743
28,-0.020602211356163025,0.02767375111579895
29,-0.008754846639931202,0.02218680828809738
30,-0.042018286883831024,0.03401554375886917
31,-0.04858852177858353,0.018108345568180084
32,-0.010331577621400356,0.035471126437187195
33,-0.04313589259982109,0.028134342283010483
34,0.009383237920701504,0.028684046119451523
35,-0.011437477543950081,0.031159842386841774
36,-0.016057485714554787,0.027379794046282768
37,-0.02132587879896164,0.018196363002061844
38,-0.023533305153250694,0.025171402841806412
39,-0.019282041117548943,0.02277757041156292
40,0.011502648703753948,0.03572361171245575
41,-0.020113639533519745,0.03755681961774826
42,-0.02526179887354374,0.024195101112127304
43,-0.021689388900995255,0.025489432737231255
44,-0.05925004929304123,0.028210265561938286
45,-0.021238982677459717,0.027012381702661514
46,-0.03575576841831207,0.031247032806277275
47,-0.038893960416316986,0.016374606639146805
48,-0.019898323342204094,0.02310529723763466
49,-0.029932547360658646,0.025766048580408096
50,-0.046128399670124054,0.020305151119828224
51,-0.04568343982100487,0.01808023639023304
52,-0.012828007340431213,0.022330397740006447
53,-0.013845790177583694,0.039060078561306
54,-0.010503079742193222,0.023014895617961884
55,-0.03151226043701172,0.02990756370127201
56,-0.031716618686914444,0.03418693691492081
57,-0.046804431825876236,0.023373974487185478
58,-0.02349487505853176,0.017896559089422226
59,-0.0465654581785202,0.026333166286349297
60,-0.05577589571475983,0.026890255510807037
1,-0.03160632401704788,0.026906708255410194
2,-0.008433080278337002,0.03064892441034317
3,-0.0543312169611454,0.014776400290429592
4,-0.01912412792444229,0.03625774756073952
5,-0.06274601817131042,0.020113352686166763
6,-0.03683197498321533,0.027124866843223572
7,-0.04572327807545662,0.021340617910027504
8,-0.00481930747628212,0.042427971959114075
9,-0.05420588329434395,0.02292097546160221
10,-0.027081497013568878,0.02485467493534088
11,-0.024104053154587746,0.03357408568263054
12,-0.042682014405727386,0.019550509750843048
13,-0.02627505548298359,0.04008553549647331
14,-0.004653392359614372,0.028149744495749474
15,-0.04248177260160446,0.02560788206756115
16,-0.02339598536491394,0.030428173020482063
17,-0.02945319376885891,0.024394521489739418
18,-0.04096362739801407,0.03355543687939644
19,-0.025126459077000618,0.027673590928316116
20,-0.02663775533437729,0.019454142078757286
21,-0.03794851154088974,0.031052403151988983
22,-0.028552498668432236,0.02808675542473793
23,-0.029579851776361465,0.025329915806651115
24,-0.03316732868552208,0.024617627263069153
25,-0.015510853379964828,0.02329988032579422
26,-0.060203518718481064,0.01774168200790882
27,-0.03749723732471466,0.02662694826722145
28,-0.05588630586862564,0.028541121631860733
29,-0.038832541555166245,0.018212895840406418
30,-0.05681252479553223,0.018233632668852806
31,-0.020847288891673088,0.034051187336444855
32,-0.0448971726000309,0.02834632620215416
33,-0.03793486952781677,0.03596136346459389
34,-0.048843733966350555,0.021451164036989212
35,-0.042533911764621735,0.022339265793561935
36,-0.035322338342666626,0.03922562673687935
37,-0.03814345598220825,0.023181967437267303
38,-0.05595460161566734,0.022917887195944786
39,-0.02377476543188095,0.029335562139749527
40,-0.04356781765818596,0.023300662636756897
41,-0.029213864356279373,0.04205399751663208
42,-0.03560951352119446,0.023883366957306862
43,-0.03981952369213104,0.02792401798069477
44,-0.05407876893877983,0.02645539864897728
45,-0.041403356939554214,0.020820174366235733
46,-0.06375613808631897,0.020837390795350075
47,-0.03825009614229202,0.03370250016450882
48,-0.05666464567184448,0.024777425453066826
49,-0.017322037369012833,0.03832518681883812
50,-0.053690262138843536,0.027967261150479317
51,-0.05096970498561859,0.017911694943904877
52,-0.006434840615838766,0.022369341924786568
53,-0.05279127135872841,0.02275700494647026
54,-0.04275492951273918,0.025556331500411034
55,-0.0537899024784565,0.021794861182570457
56,-0.04134228080511093,0.032116323709487915
57,-0.04595896601676941,0.03608497232198715
58,-0.03587759658694267,0.03097524493932724
59,-0.02504020743072033,0.027288910001516342
60,-0.038041435182094574,0.031292930245399475
1,-0.05689392238855362,0.022652672603726387
2,-0.044392697513103485,0.02179916389286518
3,-0.041002217680215836,0.025082595646381378
4,-0.06350283324718475,0.022622443735599518
5,-0.04976871982216835,0.021225184202194214
6,-0.030755557119846344,0.01687433198094368
7,-0.050889015197753906,0.02732722833752632
8,-0.045761581510305405,0.016678813844919205
9,-0.04026404023170471,0.024457231163978577
10,-0.05203552916646004,0.022970207035541534
11,-0.024130456149578094,0.025742311030626297
12,-0.01509229838848114,0.03489892929792404
13,-0.05132190138101578,0.018504563719034195
14,-0.021771594882011414,0.024060357362031937
15,-0.05687606334686279,0.01965092308819294
16,-0.050593312829732895,0.02874642238020897
17,-0.06850743293762207,0.01137832086533308
18,-0.0353766568005085,0.028771216049790382
19,-0.043738432228565216,0.03244543448090553
20,-0.055008601397275925,0.01886608824133873
21,-0.02268427424132824,0.02815776690840721
22,-0.037961624562740326,0.029367202892899513
23,-0.027390947565436363,0.027858242392539978
24,-0.029922526329755783,0.02467253804206848
25,-0.07399383187294006,0.018695851787924767
26,-0.04911091551184654,0.0328628271818161
27,-0.014235253445804119,0.031360819935798645
28,-0.04380407929420471,0.024235621094703674
29,-0.03502975404262543,0.018839912489056587
30,-0.035344090312719345,0.03742433339357376
31,-0.0427587553858757,0.022237978875637054
32,-0.05605195835232735,0.019847407937049866
33,-0.048681505024433136,0.04127783700823784
34,-0.05948216840624809,0.02903876081109047
35,-0.033249713480472565,0.029118593782186508
36,-0.035328663885593414,0.03122287057340145
37,-0.04096505045890808,0.033076174557209015
38,-0.02285376563668251,0.03997156769037247
39,-0.04357142373919487,0.03438086062669754
40,-0.0507851205766201,0.027427371591329575
41,-0.047003645449876785,0.03420384228229523
42,-0.03764767199754715,0.028125425800681114
43,-0.08608700335025787,0.019015833735466003
44,-0.0304887555539608,0.02103245072066784
45,-0.0397830493748188,0.020468834787607193
46,-0.06595834344625473,0.021727828308939934
47,-0.042750634253025055,0.025257619097828865
48,-0.024562468752264977,0.03683072328567505
49,-0.05061229690909386,0.014729142189025879
50,-0.04084227979183197,0.020090200006961823
51,-0.07602713257074356,0.023264480754733086
52,-0.06500972807407379,0.021152924746274948
53,-0.04876936972141266,0.030615251511335373
54,-0.028176145628094673,0.04032571241259575
55,-0.0869608223438263,0.01746554672718048
56,-0.04253136366605759,0.03744743391871452
57,-0.041556984186172485,0.022020764648914337
58,-0.05432986468076706,0.028380848467350006
59,-0.05605829134583473,0.025051968172192574
60,-0.0909130871295929,0.02231820672750473
1,-0.07243642956018448,0.041379936039447784
2,-0.06311456114053726,0.027249716222286224
3,-0.07588376849889755,0.029620790854096413
4,-0.04773973673582077,0.030896559357643127
5,-0.05016866326332092,0.024368729442358017
6,-0.057160403579473495,0.021766431629657745
7,-0.04126962646842003,0.035076893866062164
8,-0.04917501285672188,0.02969849295914173
9,-0.05845174938440323,0.031157389283180237
10,-0.07619283348321915,0.02703789621591568
11,-0.08171788603067398,0.0262328889220953
12,-0.04988328740000725,0.029157504439353943
13,-0.04211295396089554,0.034850262105464935
14,-0.05401991307735443,0.02562175691127777
15,-0.07375198602676392,0.01596403308212757
16,-0.03003869578242302,0.03640098124742508
17,-0.04191539064049721,0.04709963873028755
18,-0.035355523228645325,0.03018057532608509
19,-0.02994691953063011,0.0283040851354599
20,-0.03823935240507126,0.025582188740372658
21,-0.04106815159320831,0.03969594091176987
22,-0.06277742981910706,0.024856355041265488
23,-0.05815853178501129,0.027180245146155357
24,-0.0687185525894165,0.030181366950273514
25,-0.0738804042339325,0.024433912709355354
26,-0.07374144345521927,0.023489363491535187
27,-0.057191718369722366,0.02885829284787178
28,-0.06889554113149643,0.025485379621386528
29,-0.06866244971752167,0.029048237949609756
30,-0.04455295205116272,0.025252142921090126
31,-0.04591628909111023,0.02980472519993782
32,-0.04403752088546753,0.019042013213038445
33,-0.06376399844884872,0.027847332879900932
34,-0.04484042525291443,0.028625790029764175
35,-0.042497970163822174,0.027369529008865356
36,-0.06395895779132843,0.03351379930973053
37,-0.07536602020263672,0.017943663522601128
38,-0.08306906372308731,0.01872972585260868
39,-0.03637602925300598,0.028808878734707832
40,-0.0802166685461998,0.022646699100732803
41,-0.05035264045000076,0.029886623844504356
42,-0.03963335230946541,0.0371018722653389
43,-0.07220128923654556,0.019521761685609818
44,-0.09035587310791016,0.021437766030430794
45,-0.05556498467922211,0.022574249655008316
46,-0.07888996601104736,0.01918969862163067
47,-0.07976016402244568,0.023547695949673653
48,-0.05589357390999794,0.021896151825785637
49,-0.06251435726881027,0.02626366913318634
50,-0.057603999972343445,0.021922599524259567
51,-0.07251162081956863,0.023189449682831764
52,-0.06465978175401688,0.03255101293325424
53,-0.054167307913303375,0.017334386706352234
54,-0.08838071674108505,0.028087612241506577
55,-0.06486000120639801,0.028208715841174126
56,-0.08315364271402359,0.035765066742897034
57,-0.08039367198944092,0.03686342388391495
58,-0.07361134886741638,0.02410537376999855
59,-0.06459999084472656,0.02700001746416092
60,-0.08276071399450302,0.03278251737356186
1,-0.04143941402435303,0.026971453800797462
2,-0.05709837004542351,0.040250953286886215
3,-0.07855295389890671,0.03620263934135437
4,-0.0861162319779396,0.02931174822151661
5,-0.07538262009620667,0.018328169360756874
6,-0.08009091764688492,0.029341338202357292
7,-0.05156300216913223,0.031636182218790054
8,-0.05928584188222885,0.02817055583000183
9,-0.052008144557476044,0.027919553220272064
10,-0.04398234561085701,0.03174038231372833
11,-0.06226683035492897,0.027973465621471405
12,-0.07038316130638123,0.03437746688723564
13,-0.07753705978393555,0.029303444549441338
14,-0.07912778854370117,0.01827610842883587
15,-0.08010943979024887,0.03395162150263786
16,-0.053536806255578995,0.02870657853782177
17,-0.07196227461099625,0.024713164195418358
18,-0.0625394955277443,0.02151733636856079
19,-0.06335081905126572,0.023051144555211067
20,-0.0731496661901474,0.029765069484710693
21,-0.05787992849946022,0.02597617357969284
22,-0.08061116933822632,0.027819059789180756
23,-0.1014394760131836,0.03063051402568817
24,-0.027715275064110756,0.027023473754525185
25,-0.07380833476781845,0.03092253766953945
26,-0.08843173086643219,0.02341121807694435
27,-0.043220311403274536,0.03508603200316429
28,-0.06124239042401314,0.032342150807380676
29,-0.07521840929985046,0.020009398460388184
30,-0.08902882784605026,0.018789662048220634
31,-0.07785991579294205,0.0194131787866354
32,-0.05052492022514343,0.02268369123339653
33,-0.08359915763139725,0.024917051196098328
34,-0.08395993709564209,0.03452526405453682
35,-0.0520121194422245,0.023413777351379395
36,-0.09539616852998734,0.02730483189225197
37,-0.05246368795633316,0.02760668285191059
38,-0.060234107077121735,0.0347004272043705
39,-0.06887899339199066,0.03422720730304718
40,-0.07392871379852295,0.025591440498828888
41,-0.08651077002286911,0.03631412982940674
42,-0.08668022602796555,0.02122686244547367
43,-0.0980009138584137,0.025924475863575935
44,-0.08868797868490219,0.03340751305222511
45,-0.06639428436756134,0.02582799457013607
46,-0.04521592706441879,0.04052044823765755
47,-0.11344520002603531,0.020907431840896606
48,-0.0613144189119339,0.038675885647535324
49,-0.07034464180469513,0.029890524223446846
50,-0.06075691804289818,0.023727744817733765
51,-0.0454559251666069,0.03212461620569229
52,-0.08053354918956757,0.028484122827649117
53,-0.03330248221755028,0.0300894882529974
54,-0.060202207416296005,0.02973610907793045
55,-0.07858708500862122,0.029607253149151802
56,-0.07786546647548676,0.025642704218626022
57,-0.0836467295885086,0.019128162413835526
58,-0.10238008201122284,0.022266272455453873
59,-0.07026730477809906,0.025265131145715714
60,-0.08422689139842987,0.02222135290503502
1,-0.09271052479743958,0.025183288380503654
2,-0.04187464714050293,0.02217855118215084
3,-0.04932818561792374,0.03715614229440689
4,-0.06392069160938263,0.02475142665207386
5,-0.06983907520771027,0.027119146659970284
6,-0.06027868017554283,0.023030055686831474
7,-0.07868650555610657,0.025595074519515038
8,-0.052988987416028976,0.037567999213933945
9,-0.08192139863967896,0.02724110707640648
10,-0.10216005146503448,0.029370952397584915
11,-0.07497792690992355,0.02785078063607216
12,-0.09696520864963531,0.024221016094088554
13,-0.09540639817714691,0.027034882456064224
14,-0.08602296561002731,0.025888055562973022
15,-0.0684518814086914,0.027968956157565117
16,-0.04572226107120514,0.03196239471435547
17,-0.07501137256622314,0.024114804342389107
18,-0.054645441472530365,0.0276584904640913
19,-0.09827274829149246,0.015692833811044693
20,-0.1112409383058548,0.020931459963321686
21,-0.09170441329479218,0.0206550695002079
22,-0.06371774524450302,0.026554640382528305
23,-0.07370637357234955,0.040748219937086105
24,-0.07545221596956253,0.03251985087990761
25,-0.11712523549795151,0.02484763041138649
26,-0.0835670530796051,0.025001373142004013
27,-0.09595823287963867,0.022799208760261536
28,-0.08189987391233444,0.027536584064364433
29,-0.07210702449083328,0.02669326402246952
30,-0.06348707526922226,0.03105725534260273
31,-0.08317609131336212,0.02663247101008892
32,-0.09556896984577179,0.028680214658379555
33,-0.09979328513145447,0.03221262991428375
34,-0.0866650715470314,0.019426533952355385
35,-0.09672301262617111,0.021602950990200043
36,-0.09699291735887527,0.026757733896374702
37,-0.10527925938367844,0.0294390507042408
38,-0.08200658112764359,0.025884846225380898
39,-0.09544754773378372,0.03514063358306885
40,-0.1009032279253006,0.0253111831843853
41,-0.06326662749052048,0.03797495365142822
42,-0.07344766706228256,0.03497057035565376
43,-0.11099962890148163,0.027560856193304062
44,-0.07481972873210907,0.022808142006397247
45,-0.08259256184101105,0.02455219253897667
46,-0.07953996956348419,0.0225844569504261
47,-0.11302269250154495,0.022586876526474953
48,-0.08961480855941772,0.030686669051647186
49,-0.10624893754720688,0.03298932686448097
50,-0.09286879003047943,0.0299350768327713
51,-0.10118193924427032,0.024665605276823044
52,-0.08033717423677444,0.04056009650230408
53,-0.07118938863277435,0.033905595541000366
54,-0.08804524689912796,0.04170173406600952
55,-0.08314201980829239,0.03689250722527504
56,-0.09654659032821655,0.02706519141793251
57,-0.10389422625303268,0.02394767291843891
58,-0.07826264947652817,0.023840779438614845
59,-0.10883144289255142,0.023565463721752167
60,-0.09661649912595749,0.027653543278574944
1,-0.07866409420967102,0.02566806972026825
2,-0.09398074448108673,0.021197402849793434
3,-0.06789273023605347,0.030164986848831177
4,-0.0891907811164856,0.024543581530451775
5,-0.08760736137628555,0.03915594890713692
6,-0.10409387946128845,0.02321852743625641
7,-0.07525752484798431,0.03267180174589157
8,-0.1058894693851471,0.023323671892285347
9,-0.08447558432817459,0.025016119703650475
10,-0.09764314442873001,0.031380027532577515
11,-0.09574246406555176,0.018268097192049026
12,-0.1140260398387909,0.020648973062634468
13,-0.0904218852519989,0.028220990672707558
14,-0.06909289956092834,0.02194919064640999
15,-0.10273771733045578,0.03133152425289154
16,-0.09633338451385498,0.03240931034088135
17,-0.12339121848344803,0.0177877526730299
18,-0.11231087893247604,0.03810438513755798
19,-0.11391433328390121,0.0421791635453701
20,-0.08363369107246399,0.02204403653740883
21,-0.0855446308851242,0.029921473935246468
22,-0.08536219596862793,0.026496507227420807
23,-0.07883591949939728,0.03654065355658531
24,-0.10574851930141449,0.0255245640873909
25,-0.09561608731746674,0.03303893283009529
26,-0.0752667710185051,0.029736455529928207
27,-0.11112850904464722,0.02252688631415367
28,-0.09155575931072235,0.036792244762182236
29,-0.10320933163166046,0.022962018847465515
30,-0.09910699725151062,0.023793628439307213
31,-0.10396794974803925,0.03476245328783989
32,-0.08779631555080414,0.0239074919372797
33,-0.10092101991176605,0.024002140387892723
34,-0.0890297144651413,0.02416129782795906
35,-0.08004534989595413,0.026660453528165817
36,-0.12534332275390625,0.022817235440015793
37,-0.10142052173614502,0.03785451874136925
38,-0.10574984550476074,0.02632945403456688
39,-0.1002330631017685,0.02587657794356346
40,-0.09158246964216232,0.022621413692831993
41,-0.08506644517183304,0.03298187255859375
42,-0.10090833902359009,0.024881413206458092
43,-0.08589796721935272,0.027052681893110275
44,-0.09409262239933014,0.02980230003595352
45,-0.08755786716938019,0.028043264523148537
46,-0.0575045682489872,0.02535562962293625
47,-0.08232217282056808,0.026096314191818237
48,-0.11686374992132187,0.021293075755238533
49,-0.11162152886390686,0.029060471802949905
50,-0.0943814218044281,0.022822467610239983
51,-0.10238486528396606,0.032445285469293594
52,-0.09624899923801422,0.02155119739472866
53,-0.1316276341676712,0.022626226767897606
54,-0.10625555366277695,0.021369770169258118
55,-0.08887821435928345,0.030224401503801346
56,-0.11749029159545898,0.031195970252156258
57,-0.07579882442951202,0.033904507756233215
58,-0.10926366597414017,0.022624563425779343
59,-0.08906938880681992,0.028854355216026306
60,-0.0917310118675232,0.047878991812467575
1,-0.09708384424448013,0.027116280049085617
2,-0.08695432543754578,0.04262438416481018
3,-0.10398301482200623,0.03106437437236309
4,-0.0861552283167839,0.04329843446612358
5,-0.07829630374908447,0.0464230552315712
6,-0.10700994729995728,0.033987998962402344
7,-0.11320582777261734,0.01402299478650093
8,-0.09922946989536285,0.02583242766559124
9,-0.09868241846561432,0.029912130907177925
10,-0.11669565737247467,0.023333806544542313
11,-0.12316740304231644,0.023936478421092033
12,-0.10209102928638458,0.023951590061187744
13,-0.0826520174741745,0.03879326209425926
14,-0.12005980312824249,0.03429267928004265
15,-0.12634675204753876,0.03509777411818504
16,-0.10905296355485916,0.019214844331145287
17,-0.11913476884365082,0.023199398070573807
18,-0.10219091922044754,0.03079652041196823
19,-0.13891904056072235,0.016733329743146896
20,-0.10242757201194763,0.026123046875
21,-0.11925895512104034,0.02714371867477894
22,-0.08465839177370071,0.040515512228012085
23,-0.1069590225815773,0.029641978442668915
24,-0.10028325021266937,0.027432436123490334
25,-0.11079365015029907,0.03415335714817047
26,-0.10932622104883194,0.0242286529392004
27,-0.139154851436615,0.024060353636741638
28,-0.12043415009975433,0.02656664326786995
29,-0.08643870800733566,0.03809528797864914
30,-0.1036161258816719,0.03619823604822159
31,-0.1088034063577652,0.030944254249334335
32,-0.08253906667232513,0.02930578961968422
33,-0.09864697605371475,0.03256857395172119
34,-0.09237832576036453,0.03566589951515198
35,-0.11692449450492859,0.022824008017778397
36,-0.11531481146812439,0.02325000986456871
37,-0.10212486237287521,0.019103869795799255
38,-0.10852415859699249,0.039043545722961426
39,-0.12574104964733124,0.020218608900904655
40,-0.08595404773950577,0.025324415415525436
41,-0.10322697460651398,0.04617663100361824
42,-0.10499896109104156,0.02611331269145012
43,-0.10804052650928497,0.021483074873685837
44,-0.11144895851612091,0.03624102473258972
45,-0.132826566696167,0.018874458968639374
46,-0.14404404163360596,0.026235373690724373
47,-0.1070876345038414,0.02647746168076992
48,-0.14180515706539154,0.01751146838068962
49,-0.1261429637670517,0.030645374208688736
50,-0.10882365703582764,0.022803595289587975
51,-0.11980606615543365,0.02085735835134983
52,-0.12408020347356796,0.0322037898004055
53,-0.10347660630941391,0.022278260439634323
54,-0.14249396324157715,0.0208224318921566
55,-0.12256257236003876,0.029208505526185036
56,-0.13367703557014465,0.01781437359750271
57,-0.12812374532222748,0.03229845315217972
58,-0.12399395555257797,0.030181188136339188
59,-0.14592157304286957,0.03249862417578697
60,-0.11374339461326599,0.030360788106918335
1,-0.11915898323059082,0.02290460839867592
2,-0.1000373438000679,0.05415308102965355
3,-0.12994793057441711,0.02597789093852043
4,-0.1232597827911377,0.019474925473332405
5,-0.08368545770645142,0.03268900141119957
6,-0.11717313528060913,0.029928715899586678
7,-0.13290943205356598,0.022109301760792732
8,-0.11300678551197052,0.033023227006196976
9,-0.14327353239059448,0.027007371187210083
10,-0.11671581864356995,0.030005740001797676
11,-0.10391814261674881,0.029683945700526237
12,-0.09629778563976288,0.028560252860188484
13,-0.1572932004928589,0.021655026823282242
14,-0.14470358192920685,0.022314636036753654
15,-0.1386280059814453,0.025190087035298347
16,-0.11262855678796768,0.0255839042365551
17,-0.09411937743425369,0.039631620049476624
18,-0.10259805619716644,0.03381245955824852
19,-0.12450041621923447,0.0264081209897995
20,-0.10928415507078171,0.032446812838315964
21,-0.10546403378248215,0.027137767523527145
22,-0.1465865522623062,0.03388310968875885
23,-0.12423846125602722,0.031381960958242416
24,-0.1399770826101303,0.03640349581837654
25,-0.10632780194282532,0.0303411353379488
26,-0.12569431960582733,0.03144826740026474
27,-0.10831603407859802,0.03632728010416031
28,-0.1445608288049698,0.015562632121145725
29,-0.11026199162006378,0.040807127952575684
30,-0.1574990451335907,0.02612239681184292
31,-0.15491840243339539,0.020573073998093605
32,-0.12233202159404755,0.021133996546268463
33,-0.11620549857616425,0.033332351595163345
34,-0.14379993081092834,0.02020868845283985
35,-0.12961101531982422,0.028014682233333588
36,-0.12674075365066528,0.03481680154800415
37,-0.11143510788679123,0.03576943278312683
38,-0.10302034765481949,0.0333080068230629
39,-0.14927871525287628,0.023002851754426956
40,-0.1126769632101059,0.041422534734010696
41,-0.15083499252796173,0.02822113409638405
42,-0.15211623907089233,0.0486380010843277
43,-0.14981180429458618,0.0207125935703516
44,-0.12723377346992493,0.03484225645661354
45,-0.14182136952877045,0.02510090172290802
46,-0.14867059886455536,0.02295399084687233
47,-0.11300235986709595,0.03540237247943878
48,-0.12333089113235474,0.020683834329247475
49,-0.13514214754104614,0.02905948832631111
50,-0.1317853480577469,0.035259246826171875
51,-0.14599725604057312,0.02172805368900299
52,-0.0977110043168068,0.029920179396867752
53,-0.09765346348285675,0.0323595330119133
54,-0.12947659194469452,0.022338582202792168
55,-0.09070363640785217,0.03629139065742493
56,-0.1450972557067871,0.027161244302988052
57,-0.14433851838111877,0.025454137474298477
58,-0.09035090357065201,0.04772994667291641
59,-0.09559252113103867,0.03213654085993767
60,-0.1511586755514145,0.0318857803940773
1,-0.12261871993541718,0.030042601749300957
2,-0.16956248879432678,0.0452495738863945
3,-0.13852664828300476,0.0294046550989151
4,-0.13397151231765747,0.02127230167388916
5,-0.10678515583276749,0.025035738945007324
6,-0.13649336993694305,0.03059850074350834
7,-0.11835862696170807,0.036359161138534546
8,-0.11094463616609573,0.03547189384698868
9,-0.12332946807146072,0.025852490216493607
10,-0.11122006177902222,0.03257664293050766
11,-0.14337316155433655,0.027660585939884186
12,-0.1567164957523346,0.015573432669043541
13,-0.14289091527462006,0.03273268789052963
14,-0.10961458832025528,0.031132318079471588
15,-0.1400754600763321,0.0325048565864563
16,-0.1256566047668457,0.03923194110393524
17,-0.1578139066696167,0.027854567393660545
18,-0.13627760112285614,0.033058978617191315
19,-0.15271423757076263,0.024662429466843605
20,-0.14279386401176453,0.020424598827958107
21,-0.11640696972608566,0.04836385324597359
22,-0.08549584448337555,0.027523547410964966
23,-0.14184562861919403,0.027839617803692818
24,-0.1205982118844986,0.02305038645863533
25,-0.11361364275217056,0.026744630187749863
26,-0.12145288288593292,0.03425687924027443
27,-0.11370087414979935,0.036797259002923965
28,-0.153892382979393,0.021811820566654205
29,-0.16100287437438965,0.02014438435435295
30,-0.16062608361244202,0.035176996141672134
31,-0.12460312247276306,0.022589292377233505
32,-0.15741312503814697,0.029540158808231354
33,-0.13320747017860413,0.02774166502058506
34,-0.15589718520641327,0.036496926099061966
35,-0.12110786885023117,0.022736316546797752
36,-0.1526549905538559,0.022042155265808105
37,-0.14497169852256775,0.029047787189483643
38,-0.15115880966186523,0.024620454758405685
39,-0.16448134183883667,0.03023131564259529
40,-0.1567785143852234,0.023552563041448593
41,-0.12210141122341156,0.03005734272301197
42,-0.1158934086561203,0.05089971423149109
43,-0.14230160415172577,0.03292829170823097
44,-0.19093719124794006,0.012657512910664082
45,-0.1262000948190689,0.029237324371933937
46,-0.1307607889175415,0.03149645775556564
47,-0.11574392765760422,0.02759375423192978
48,-0.1543837934732437,0.027431253343820572
49,-0.16837583482265472,0.02864411287009716
50,-0.09178294986486435,0.030789606273174286
51,-0.13538481295108795,0.030877094715833664
52,-0.1426030397415161,0.029412345960736275
53,-0.15286119282245636,0.019090255722403526
54,-0.13754725456237793,0.027732202783226967
55,-0.16504886746406555,0.027461091056466103
56,-0.16619908809661865,0.03197360783815384
57,-0.11653204262256622,0.0339086651802063
58,-0.1322880983352661,0.03865628316998482
59,-0.13300800323486328,0.03428663685917854
60,-0.13703206181526184,0.0305622685700655
